Year,State,Data Status,RESIDENTIAL Revenue,RESIDENTIAL Sales,RESIDENTIAL Customers,RESIDENTIAL Price,COMMERCIAL Revenue,COMMERCIAL Sales,COMMERCIAL Customers,COMMERCIAL Price,INDUSTRIAL Revenue,INDUSTRIAL Sales,INDUSTRIAL Customers,INDUSTRIAL Price,TRANSPORTATION Revenue,TRANSPORTATION Sales,TRANSPORTATION Customers,TRANSPORTATION Price,OTHER Revenue,OTHER Sales,OTHER Customers,OTHER Price,TOTAL Revenue,TOTAL Sales,TOTAL Customers,TOTAL Price
2009,AK,Final,"362,944","2,117,393","269,746",17.14,"410,853","2,841,337","47,348",14.46,"172,415","1,311,442","1,366",13.15,0,0,0,.,.,.,.,.,"946,211","6,270,171","318,459",15.09
2009,AL,Final,"3,356,043","31,489,412","2,128,008",10.66,"2,203,524","21,918,478","353,884",10.05,"1,755,004","29,436,713","9,251",5.96,0,0,0,.,.,.,.,.,"7,314,568","82,844,601","2,491,143",8.83
2009,AR,Final,"1,552,437","16,985,526","1,315,040",9.14,"867,473","11,476,901","177,635",7.56,"847,426","14,710,292","31,756",5.76,46,384,2,11.98,.,.,.,.,"3,267,388","43,173,104","1,524,432",7.57
2009,AZ,Final,"3,524,074","32,846,844","2,544,382",10.73,"2,747,955","29,385,690","299,528",9.35,"745,377","11,200,396","7,203",6.65,0,0,0,.,.,.,.,.,"7,017,404","73,432,928","2,851,114",9.56
2009,CA,Final,"13,238,602","89,798,787","12,910,854",14.74,"16,074,665","121,105,407","1,801,935",13.27,"4,985,347","47,835,150","76,222",10.42,"70,495","844,331",494,8.35,.,.,.,.,"34,369,105","259,583,674","14,789,505",13.24
2009,CO,Final,"1,740,496","17,412,629","2,111,621",10.00,"1,631,116","20,008,465","349,267",8.15,"867,025","13,571,149","14,917",6.39,"3,553","43,665",1,8.14,.,.,.,.,"4,242,190","51,035,907","2,475,806",8.31
2009,CT,Final,"2,557,386","12,578,225","1,447,249",20.33,"2,236,471","13,257,341","148,174",16.87,"553,294","3,692,021","4,881",14.99,"22,489","188,175",2,11.95,.,.,.,.,"5,369,639","29,715,765","1,600,305",18.07
2009,DC,Final,"260,781","1,899,655","221,794",13.73,"1,192,359","8,992,143","26,307",13.26,"19,609","234,032",1,8.38,"40,490","308,540",1,13.12,.,.,.,.,"1,513,242","11,434,376","248,104",13.23
2009,DE,Final,"610,008","4,334,912","393,836",14.07,"503,525","4,184,936","49,057",12.03,"260,287","2,737,931","1,241",9.51,0,0,0,.,.,.,.,.,"1,373,821","11,257,778","444,133",12.20
2009,FL,Final,"14,302,605","115,473,511","8,493,590",12.39,"9,936,650","92,274,656","1,125,135",10.77,"1,576,698","16,917,941","20,456",9.32,"8,825","84,214",25,10.48,.,.,.,.,"25,824,776","224,750,323","9,639,206",11.49
2009,GA,Final,"5,587,892","55,157,559","4,061,860",10.13,"4,120,177","46,080,388","545,858",8.94,"1,795,619","29,348,147","15,487",6.12,"12,609","179,409",1,7.03,.,.,.,.,"11,516,293","130,765,506","4,623,206",8.81
2009,HI,Final,"739,419","3,055,272","412,843",24.20,"740,615","3,388,012","60,868",21.86,"668,135","3,682,900",689,18.14,0,0,0,.,.,.,.,.,"2,148,168","10,126,185","474,400",21.21
2009,IA,Final,"1,370,572","13,723,412","1,324,180",9.99,"884,247","11,706,306","215,987",7.55,"960,513","18,211,476","6,610",5.27,0,0,0,.,.,.,.,.,"3,215,331","43,641,196","1,546,777",7.37
2009,ID,Final,"667,178","8,553,610","659,775",7.80,"389,481","6,005,434","100,209",6.49,"423,881","8,194,735","26,570",5.17,0,0,0,.,.,.,.,.,"1,480,538","22,753,779","786,554",6.51
2009,IL,Final,"4,996,392","44,324,492","5,074,861",11.27,"4,552,278","50,329,279","575,798",9.04,"2,911,346","41,507,316","5,891",7.01,"44,242","527,380",4,8.39,.,.,.,.,"12,504,256","136,688,466","5,656,555",9.15
2009,IN,Final,"3,093,220","32,548,111","2,733,610",9.50,"1,970,818","23,688,605","341,431",8.32,"2,500,570","43,055,165","18,263",5.81,"1,926","19,934",1,9.66,.,.,.,.,"7,566,531","99,311,815","3,093,305",7.62
2009,KS,Final,"1,253,575","13,149,100","1,209,520",9.53,"1,181,734","15,006,966","218,800",7.87,"615,667","10,087,277","22,871",6.10,0,0,0,.,.,.,.,.,"3,050,977","38,243,342","1,451,190",7.98
2009,KY,Final,"2,223,388","26,560,668","1,924,886",8.37,"1,429,540","18,733,921","294,224",7.63,"2,143,253","43,602,169","7,057",4.92,0,0,0,.,.,.,.,.,"5,796,182","88,896,757","2,226,166",6.52
2009,LA,Final,"2,410,881","29,746,799","1,946,997",8.10,"1,792,928","23,300,522","269,167",7.69,"1,345,644","25,613,203","18,534",5.25,913,"9,060",24,10.08,.,.,.,.,"5,550,366","78,669,583","2,234,722",7.06
2009,MA,Final,"3,286,176","19,474,645","2,661,984",16.87,"2,731,159","17,774,774","375,506",15.37,"2,357,290","16,754,265","16,172",14.07,"22,060","355,508",1,6.21,.,.,.,.,"8,396,685","54,359,200","3,053,663",15.45
2009,MD,Final,"4,037,175","26,944,568","2,188,390",14.98,"3,571,971","29,806,000","242,640",11.98,"526,555","5,285,832","8,774",9.96,"58,020","552,743",5,10.50,.,.,.,.,"8,193,724","62,589,144","2,439,809",13.09
2009,ME,Final,"681,754","4,360,002","696,822",15.64,"513,001","4,071,042","87,922",12.60,"286,111","2,851,925","2,858",10.03,0,0,0,.,.,.,.,.,"1,480,866","11,282,968","787,602",13.12
2009,MI,Final,"3,812,659","32,854,122","4,253,785",11.60,"3,500,740","37,870,361","520,548",9.24,"1,912,765","27,391,102","13,063",6.98,586,"5,428",1,10.80,.,.,.,.,"9,226,748","98,121,014","4,787,397",9.40
2009,MN,Final,"2,212,340","22,033,960","2,290,878",10.04,"1,766,050","22,311,487","273,423",7.92,"1,229,054","19,637,127","9,427",6.26,"1,692","21,890",1,7.73,.,.,.,.,"5,209,137","64,004,464","2,573,729",8.14
2009,MO,Final,"2,924,093","34,220,695","2,687,755",8.54,"2,130,804","30,604,881","368,471",6.96,"815,838","15,050,485","8,982",5.42,"1,238","21,241",1,5.83,.,.,.,.,"5,871,973","79,897,300","3,065,209",7.35
2009,MS,Final,"1,849,917","18,095,192","1,243,261",10.22,"1,236,206","13,013,470","222,859",9.50,"987,999","14,940,492","7,150",6.61,0,0,0,.,.,.,.,.,"4,074,123","46,049,154","1,473,271",8.85
2009,MT,Final,"428,140","4,790,401","466,160",8.94,"398,708","4,790,860","100,498",8.32,"260,505","4,772,512","5,224",5.46,0,0,0,.,.,.,.,.,"1,087,351","14,353,775","571,882",7.58
2009,NC,Final,"5,627,153","56,311,125","4,175,831",9.99,"3,689,879","46,240,477","650,651",7.98,"1,503,510","25,099,683","11,374",5.99,458,"6,695",1,6.84,.,.,.,.,"10,821,000","127,657,979","4,837,857",8.48
2009,ND,Final,"337,306","4,449,219","322,464",7.58,"310,377","4,558,194","57,433",6.81,"191,071","3,641,165","2,488",5.25,0,0,0,.,.,.,.,.,"838,757","12,648,582","382,385",6.63
2009,NE,Final,"820,291","9,626,938","799,620",8.52,"682,812","9,314,287","154,056",7.33,"547,119","9,510,966","41,391",5.75,0,0,0,.,.,.,.,.,"2,050,222","28,452,195","995,067",7.21
2009,NH,Final,"724,704","4,421,523","591,159",16.39,"637,710","4,440,762","92,630",14.36,"252,161","1,836,212","3,196",13.73,0,0,0,.,.,.,.,.,"1,614,576","10,698,493","686,985",15.09
2009,NJ,Final,"4,540,653","27,832,944","3,430,837",16.31,"5,450,133","39,377,042","476,355",13.84,"981,060","8,250,104","13,254",11.89,"39,981","319,763",7,12.50,.,.,.,.,"11,011,830","75,779,853","3,920,452",14.53
2009,NM,Final,"651,890","6,503,774","844,864",10.02,"733,526","8,734,171","135,703",8.40,"366,505","6,409,193","6,835",5.72,0,0,0,.,.,.,.,.,"1,751,920","21,647,137","987,403",8.09
2009,NV,Final,"1,527,405","11,880,151","1,054,926",12.86,"952,521","8,950,122","153,622",10.64,"1,071,907","13,445,041","3,646",7.97,829,"8,339",17,9.94,.,.,.,.,"3,552,664","34,283,655","1,212,212",10.36
2009,NY,Final,"8,442,903","48,245,842","6,916,412",17.50,"11,660,183","75,347,117","1,034,830",15.48,"1,123,273","13,416,581","8,563",8.37,"397,221","3,024,856",25,13.13,.,.,.,.,"21,623,581","140,034,397","7,959,830",15.44
2009,OH,Final,"5,484,445","51,405,162","4,880,392",10.67,"4,380,257","45,369,743","613,732",9.65,"3,325,883","49,485,876","21,088",6.72,"4,186","39,014",2,10.73,.,.,.,.,"13,194,773","146,299,793","5,515,214",9.02
2009,OK,Final,"1,836,902","21,640,953","1,643,674",8.49,"1,261,401","18,670,166","266,110",6.76,"686,054","14,233,459","17,752",4.82,0,0,0,.,.,.,.,.,"3,784,352","54,544,581","1,927,536",6.94
2009,OR,Final,"1,718,694","19,804,315","1,623,386",8.68,"1,198,380","15,977,600","236,227",7.50,"635,687","11,761,281","22,482",5.40,"1,619","23,704",55,6.83,.,.,.,.,"3,554,380","47,566,896","1,882,151",7.47
2009,PA,Final,"6,162,227","52,905,995","5,235,328",11.65,"4,430,832","46,411,161","679,211",9.55,"3,142,036","43,551,744","27,409",7.21,"68,274","878,537",14,7.77,.,.,.,.,"13,803,375","143,747,438","5,941,962",9.60
2009,RI,Final,"458,177","2,936,699","432,102",15.60,"504,097","3,690,677","56,385",13.66,"120,961","990,254","2,014",12.22,0,0,0,.,.,.,.,.,"1,083,234","7,617,629","490,501",14.22
2009,SC,Final,"3,086,900","29,556,324","2,083,431",10.44,"1,873,078","21,439,771","343,795",8.74,"1,471,887","25,421,385","4,501",5.79,0,0,0,.,.,.,.,.,"6,431,866","76,417,479","2,431,727",8.42
2009,SD,Final,"382,819","4,511,309","367,204",8.49,"302,622","4,238,348","65,968",7.14,"127,745","2,260,462","3,050",5.65,0,0,0,.,.,.,.,.,"813,190","11,010,119","436,223",7.39
2009,TN,Final,"3,755,442","40,274,909","2,693,818",9.32,"2,694,671","28,048,797","458,054",9.61,"1,798,385","26,584,320","2,039",6.76,194,"1,814",1,10.69,.,.,.,.,"8,248,695","94,909,845","3,153,912",8.69
2009,TX,Final,"16,074,304","129,814,901","9,491,966",12.38,"11,447,723","118,534,735","1,435,743",9.66,"6,533,767","96,930,877","136,216",6.74,"6,969","70,909",2,9.83,.,.,.,.,"34,062,762","345,351,418","11,063,926",9.86
2009,UT,Final,"739,908","8,725,275","932,015",8.48,"711,998","10,235,284","117,907",6.96,"413,621","8,593,799","9,479",4.81,"2,687","32,341",9,8.31,.,.,.,.,"1,868,213","27,586,701","1,059,410",6.77
2009,VA,Final,"4,747,646","44,763,019","3,189,115",10.61,"3,772,480","46,828,101","407,457",8.06,"1,152,699","16,677,928","5,283",6.91,"16,288","193,414",1,8.42,.,.,.,.,"9,689,115","108,462,462","3,601,856",8.93
2009,VT,Final,"316,100","2,121,828","306,918",14.90,"257,533","1,991,194","50,079",12.93,"127,425","1,383,490",225,9.21,0,0,0,.,.,.,.,.,"701,055","5,496,514","357,222",12.75
2009,WA,Final,"2,821,814","36,768,182","2,809,301",7.67,"2,096,843","30,068,674","351,004",6.97,"1,028,696","23,370,521","28,649",4.40,154,"2,623",4,5.87,.,.,.,.,"5,947,509","90,210,001","3,188,958",6.59
2009,WI,Final,"2,556,655","21,421,044","2,589,295",11.94,"2,149,958","22,475,846","336,720",9.57,"1,507,861","22,389,549","4,508",6.73,0,0,0,.,.,.,.,.,"6,214,470","66,286,439","2,930,523",9.38
2009,WV,Final,"915,791","11,587,694","865,647",7.90,"520,727","7,694,450","136,653",6.77,"575,928","10,985,115","12,207",5.24,309,"4,071",1,7.59,.,.,.,.,"2,012,756","30,271,331","1,014,508",6.65
2009,WY,Final,"233,284","2,719,525","255,382",8.58,"312,233","4,288,145","59,346",7.28,"461,867","9,554,267","8,935",4.83,0,0,0,.,.,.,.,.,"1,007,386","16,561,938","323,663",6.08
2009,US,Final,"157,043,560","1,364,758,152","125,208,777",11.51,"132,747,022","1,306,852,526","17,562,150",10.16,"62,670,335","917,416,467","757,497",6.83,"828,353","7,767,982",703,10.66,.,.,.,.,"353,289,274","3,596,795,150","143,529,126",9.82
2008,AK,Final,"352,596","2,129,809","268,824",16.56,"389,104","2,851,782","47,069",13.64,"190,535","1,344,352","1,351",14.17,0,0,0,.,.,.,.,.,"932,235","6,325,943","317,244",14.74
2008,AL,Final,"3,347,563","32,184,539","2,110,865",10.40,"2,223,093","22,533,120","371,020",9.87,"2,138,424","34,989,618","9,263",6.11,0,0,0,.,.,.,.,.,"7,709,083","89,707,279","2,491,147",8.59
2008,AR,Final,"1,612,759","17,392,467","1,308,812",9.27,"890,376","11,703,352","176,047",7.61,"1,003,616","17,038,455","31,691",5.89,49,409,2,11.98,.,.,.,.,"3,506,798","46,134,681","1,516,551",7.60
2008,AZ,Final,"3,412,297","33,236,370","2,528,403",10.27,"2,693,165","30,162,195","298,347",8.93,"846,010","12,869,351","7,314",6.57,0,0,0,.,.,.,.,.,"6,951,473","76,267,917","2,834,064",9.11
2008,CA,Final,"12,594,725","91,230,819","12,941,717",13.81,"15,684,231","125,026,317","1,807,260",12.54,"5,147,103","51,031,269","77,326",10.09,"70,695","866,816",487,8.16,.,.,.,.,"33,496,752","268,155,219","14,826,790",12.49
2008,CO,Final,"1,794,446","17,720,491","2,173,457",10.13,"1,761,883","20,550,916","359,897",8.57,"919,247","13,822,481","13,171",6.65,"4,041","48,584",1,8.32,.,.,.,.,"4,479,616","52,142,475","2,546,526",8.59
2008,CT,Final,"2,487,861","12,729,694","1,452,080",19.54,"2,339,867","13,665,139","155,329",17.12,"652,568","4,371,278","5,232",14.93,"29,401","190,433",5,15.44,.,.,.,.,"5,509,697","30,956,545","1,612,646",17.80
2008,DC,Final,"244,869","1,915,639","217,144",12.78,"1,214,443","9,131,316","26,703",13.30,"27,385","257,046",1,10.65,"43,760","312,230",1,14.02,.,.,.,.,"1,530,455","11,616,235","243,849",13.18
2008,DE,Final,"616,998","4,428,193","391,810",13.93,"524,785","4,338,868","48,965",12.09,"312,847","2,981,720",619,10.49,0,0,0,.,.,.,.,.,"1,454,630","11,748,783","441,394",12.38
2008,FL,Final,"13,278,713","113,936,978","8,478,407",11.65,"9,446,376","93,205,138","1,129,095",10.14,"1,562,089","18,944,917","22,382",8.25,"8,732","85,763",25,10.18,.,.,.,.,"24,295,913","226,172,794","9,629,909",10.74
2008,GA,Final,"5,517,454","55,586,624","4,034,759",9.93,"4,250,111","46,876,482","543,485",9.07,"2,170,113","32,528,831","15,952",6.67,"12,983","181,577",1,7.15,.,.,.,.,"11,950,661","135,173,513","4,594,197",8.84
2008,HI,Final,"1,002,587","3,085,236","409,668",32.50,"1,040,496","3,500,753","61,684",29.72,"990,936","3,804,290",673,26.05,0,0,0,.,.,.,.,.,"3,034,018","10,390,279","472,025",29.20
2008,IA,Final,"1,335,608","14,073,159","1,325,992",9.49,"874,822","12,177,842","211,242",7.18,"924,835","19,237,069","6,189",4.81,0,0,0,.,.,.,.,.,"3,135,264","45,488,071","1,543,422",6.89
2008,ID,Final,"597,059","8,539,743","654,546",6.99,"346,163","6,048,581","99,003",5.72,"417,655","9,313,168","26,211",4.48,0,0,0,.,.,.,.,.,"1,360,877","23,901,490","779,759",5.69
2008,IL,Final,"5,177,690","46,780,345","5,098,579",11.07,"4,786,429","51,770,477","586,612",9.25,"3,338,941","45,503,187","6,015",7.34,"42,632","565,902",4,7.53,.,.,.,.,"13,345,693","144,619,914","5,691,210",9.23
2008,IN,Final,"3,015,424","33,980,411","2,733,127",8.87,"1,920,572","24,569,629","341,153",7.82,"2,643,847","48,411,137","18,097",5.46,"1,875","19,527",1,9.60,.,.,.,.,"7,581,719","106,980,704","3,092,378",7.09
2008,KS,Final,"1,200,859","13,501,924","1,255,860",8.89,"1,153,279","15,496,011","236,453",7.44,"624,550","10,967,126","19,624",5.69,0,0,0,.,.,.,.,.,"2,978,686","39,965,062","1,511,936",7.45
2008,KY,Final,"2,189,660","27,561,643","1,928,083",7.94,"1,433,449","19,669,000","296,068",7.29,"2,224,455","46,197,775","6,302",4.82,0,0,0,.,.,.,.,.,"5,847,565","93,428,415","2,230,453",6.26
2008,LA,Final,"2,966,847","28,848,401","1,920,085",10.28,"2,322,237","22,940,065","265,256",10.12,"2,138,764","26,932,132","20,311",7.94,616,"5,176",23,11.90,.,.,.,.,"7,428,459","78,725,773","2,205,676",9.44
2008,MA,Final,"3,448,667","19,638,490","2,647,531",17.56,"4,271,239","26,582,326","379,988",16.07,"1,319,175","9,331,542","14,065",14.14,"33,370","331,744",1,10.06,.,.,.,.,"9,072,454","55,884,107","3,041,585",16.23
2008,MD,Final,"3,756,582","27,144,256","2,178,594",13.84,"3,831,354","30,002,993","241,356",12.77,"586,536","5,649,944","8,734",10.38,"62,229","528,583",5,11.77,.,.,.,.,"8,236,704","63,325,778","2,428,689",13.01
2008,ME,Final,"706,543","4,351,308","695,367",16.24,"537,236","4,147,831","87,761",12.95,"366,862","3,174,532","2,826",11.56,0,0,0,.,.,.,.,.,"1,610,645","11,673,672","785,955",13.80
2008,MI,Final,"3,685,390","34,297,439","4,290,313",10.75,"3,575,202","38,974,426","518,776",9.17,"2,186,016","32,504,513","12,776",6.73,579,"4,896",1,11.83,.,.,.,.,"9,447,186","105,781,272","4,821,866",8.93
2008,MN,Final,"2,176,514","22,357,410","2,280,073",9.74,"1,780,913","22,604,482","270,490",7.88,"1,398,768","23,810,380","9,098",5.87,"1,759","21,869",1,8.04,.,.,.,.,"5,357,953","68,794,138","2,559,662",7.79
2008,MO,Final,"2,831,571","35,389,941","2,686,745",8.00,"2,057,046","31,117,852","371,221",6.61,"878,560","17,850,129","9,430",4.92,"1,282","23,752",1,5.40,.,.,.,.,"5,768,459","84,381,676","3,067,397",6.84
2008,MS,Final,"1,901,502","18,293,690","1,238,413",10.39,"1,325,415","13,232,634","224,388",10.02,"1,061,782","16,194,913","7,400",6.56,0,0,0,.,.,.,.,.,"4,288,700","47,721,233","1,470,201",8.99
2008,MT,Final,"426,217","4,669,467","461,598",9.13,"412,238","4,825,520","100,372",8.54,"344,344","5,831,413","4,877",5.90,0,0,0,.,.,.,.,.,"1,182,802","15,326,400","566,848",7.72
2008,NC,Final,"5,306,233","55,751,199","4,147,625",9.52,"3,514,840","46,540,296","649,757",7.55,"1,537,282","27,772,661","10,972",5.54,333,"5,098",1,6.53,.,.,.,.,"10,358,690","130,069,255","4,808,355",7.96
2008,ND,Final,"320,068","4,259,073","318,759",7.51,"303,776","4,460,087","56,510",6.81,"206,592","3,696,915","2,143",5.59,0,0,0,.,.,.,.,.,"830,438","12,416,075","377,412",6.69
2008,NE,Final,"767,609","9,755,627","795,001",7.87,"631,155","9,441,478","153,013",6.68,"496,380","9,623,917","40,778",5.16,0,0,0,.,.,.,.,.,"1,895,145","28,821,021","988,791",6.58
2008,NH,Final,"689,168","4,393,951","594,179",15.68,"645,907","4,518,096","102,942",14.30,"271,233","2,065,244","3,430",13.13,0,0,0,.,.,.,.,.,"1,606,309","10,977,289","700,551",14.63
2008,NJ,Final,"4,559,942","29,111,023","3,409,805",15.66,"5,693,751","40,569,712","469,340",14.03,"1,321,727","10,537,290","13,392",12.54,"39,890","301,518",6,13.23,.,.,.,.,"11,615,311","80,519,542","3,892,543",14.43
2008,NM,Final,"638,502","6,378,858","841,330",10.01,"765,248","8,828,164","133,782",8.67,"436,090","6,831,085","6,456",6.38,0,0,0,.,.,.,.,.,"1,839,842","22,038,109","981,568",8.35
2008,NV,Final,"1,438,713","12,060,515","1,054,690",11.93,"936,797","9,303,934","152,735",10.07,"1,103,370","13,819,779","3,608",7.98,783,"8,272",17,9.47,.,.,.,.,"3,479,665","35,192,497","1,211,050",9.89
2008,NY,Final,"8,978,152","49,033,950","6,897,087",18.31,"12,999,869","77,415,596","1,032,104",16.79,"1,379,414","14,685,310","8,778",9.39,"368,893","2,918,080",24,12.64,.,.,.,.,"23,726,330","144,052,936","7,937,992",16.47
2008,OH,Final,"5,371,438","53,410,599","4,891,891",10.06,"4,367,402","47,310,241","612,491",9.23,"3,632,273","58,620,567","21,197",6.20,"5,059","47,401",2,10.67,.,.,.,.,"13,376,178","159,388,807","5,525,581",8.39
2008,OK,Final,"1,987,250","21,861,110","1,633,272",9.09,"1,498,558","19,022,303","264,430",7.88,"907,743","15,395,451","17,626",5.90,0,0,0,.,.,.,.,.,"4,393,548","56,278,868","1,915,328",7.81
2008,OR,Final,"1,690,828","19,909,844","1,616,596",8.49,"1,189,024","16,313,370","234,527",7.29,"680,995","12,945,224","22,392",5.26,"1,285","19,040",45,6.75,.,.,.,.,"3,562,132","49,187,477","1,873,561",7.24
2008,PA,Final,"6,136,991","54,059,763","5,231,696",11.35,"4,443,769","47,346,950","676,337",9.39,"3,384,091","48,130,822","27,537",7.03,"65,296","863,056",14,7.57,.,.,.,.,"14,030,146","150,400,589","5,935,584",9.33
2008,RI,Final,"531,033","3,042,685","430,152",17.45,"569,743","3,700,448","55,906",15.40,"153,016","1,075,462","2,048",14.23,0,0,0,.,.,.,.,.,"1,253,794","7,818,595","488,106",16.04
2008,SC,Final,"2,938,991","29,727,268","2,068,600",9.89,"1,825,839","21,676,237","342,181",8.42,"1,569,683","29,247,069","4,695",5.37,0,0,0,.,.,.,.,.,"6,334,515","80,650,572","2,415,476",7.85
2008,SD,Final,"364,507","4,405,631","363,518",8.27,"295,451","4,240,373","65,008",6.97,"123,552","2,328,082","2,984",5.31,0,0,0,.,.,.,.,.,"783,512","10,974,084","431,509",7.14
2008,TN,Final,"3,738,895","41,946,553","2,685,423",8.91,"2,717,940","29,417,548","460,417",9.24,"2,063,404","32,803,764","2,093",6.29,195,"1,918",1,10.17,.,.,.,.,"8,520,433","104,169,779","3,147,935",8.18
2008,TX,Final,"16,712,267","128,240,047","9,461,513",13.03,"12,211,720","113,637,612","1,418,273",10.75,"9,306,585","105,868,444","161,120",8.79,"5,919","68,546",42,8.64,.,.,.,.,"38,236,491","347,814,647","11,040,948",10.99
2008,UT,Final,"725,306","8,786,277","924,828",8.25,"685,506","10,286,114","115,149",6.66,"417,042","9,086,146","9,426",4.59,"2,589","32,974",8,7.85,.,.,.,.,"1,830,440","28,191,512","1,049,411",6.49
2008,VA,Final,"4,288,128","44,596,586","3,169,283",9.62,"3,433,339","46,877,972","404,313",7.32,"1,072,332","18,437,712","5,284",5.82,"15,140","194,063",1,7.80,.,.,.,.,"8,808,936","110,106,336","3,578,881",8.00
2008,VT,Final,"308,843","2,133,499","306,174",14.48,"255,185","2,042,919","49,642",12.49,"143,848","1,564,791",314,9.19,0,0,0,.,.,.,.,.,"707,878","5,741,204","356,130",12.33
2008,WA,Final,"2,740,943","36,335,847","2,789,187",7.54,"2,023,574","29,878,290","349,689",6.77,"954,718","21,117,187","26,031",4.52,92,"1,564",4,5.88,.,.,.,.,"5,719,323","87,332,884","3,164,911",6.55
2008,WI,Final,"2,529,650","21,976,106","2,579,774",11.51,"2,177,170","23,473,453","333,653",9.28,"1,606,245","24,672,266","4,683",6.51,0,0,0,.,.,.,.,.,"6,313,066","70,121,827","2,918,111",9.00
2008,WV,Final,"830,682","11,762,543","863,650",7.06,"468,984","7,715,877","135,754",6.08,"619,659","14,738,252","12,015",4.20,280,"4,431",1,6.32,.,.,.,.,"1,919,606","34,221,102","1,011,420",5.61
2008,WY,Final,"223,325","2,718,706","252,987",8.21,"295,926","4,411,372","59,288",6.71,"427,630","9,560,173","8,887",4.47,0,0,0,.,.,.,.,.,"946,882","16,690,249","321,162",5.67
2008,US,Final,"155,496,465","1,380,661,746","125,037,870",11.26,"137,035,997","1,336,133,489","17,582,277",10.26,"70,230,867","1,009,516,181","774,817",6.96,"819,757","7,653,222",726,10.71,.,.,.,.,"363,583,107","3,733,964,624","143,395,691",9.74
2007,AK,Final,"320,973","2,114,455","235,367",15.18,"344,695","2,828,386","35,712",12.19,"174,804","1,383,765",704,12.63,0,0,0,.,.,.,.,.,"840,472","6,326,611","271,783",13.28
2007,AL,Final,"3,056,790","32,783,445","1,434,484",9.32,"1,990,626","22,872,542","254,844",8.70,"1,906,453","36,172,476","6,698",5.27,0,0,0,.,.,.,.,.,"6,953,866","91,828,463","1,696,026",7.57
2007,AR,Final,"1,520,508","17,414,563","921,114",8.73,"816,054","11,801,297","127,090",6.91,"936,445","17,839,031","24,072",5.25,0,0,0,.,.,.,.,.,"3,273,008","47,054,890","1,072,276",6.96
2007,AZ,Final,"3,327,589","34,436,659","2,340,299",9.66,"2,519,366","30,475,257","260,788",8.27,"742,585","12,281,292","4,772",6.05,0,0,0,.,.,.,.,.,"6,589,543","77,193,206","2,605,859",8.54
2007,CA,Final,"12,859,832","89,158,463","12,188,286",14.42,"15,854,396","123,690,309","1,677,848",12.82,"5,045,976","50,538,234","72,018",9.98,"70,984","847,905",506,8.37,.,.,.,.,"33,831,188","264,234,911","13,938,657",12.80
2007,CO,Final,"1,631,721","17,634,182","1,661,058",9.25,"1,562,287","20,507,762","278,489",7.62,"782,706","13,112,912","5,757",5.97,"3,181","44,299",1,7.18,.,.,.,.,"3,979,896","51,299,156","1,945,305",7.76
2007,CT,Final,"2,555,595","13,372,091","1,427,807",19.11,"2,327,662","15,126,056","145,358",15.39,"702,023","5,433,393","5,062",12.92,"28,017","197,568",2,14.18,.,.,.,.,"5,613,298","34,129,107","1,578,229",16.45
2007,DC,Final,"220,247","1,969,562","212,388",11.18,"1,143,378","9,518,790","27,246",12.01,"27,656","296,686",2,9.32,"36,808","325,145",1,11.32,.,.,.,.,"1,428,089","12,110,183","239,637",11.79
2007,DE,Final,"588,411","4,469,619","363,603",13.16,"484,245","4,320,738","44,327",11.21,"274,754","3,078,456",294,8.93,0,0,0,.,.,.,.,.,"1,347,410","11,868,812","408,224",11.35
2007,FL,Final,"13,222,562","117,816,205","6,769,454",11.22,"9,154,115","93,931,301","870,212",9.75,"1,492,400","19,240,995","23,423",7.76,"9,354","96,100",25,9.73,.,.,.,.,"23,878,429","231,084,599","7,663,114",10.33
2007,GA,Final,"5,113,632","56,223,368","2,382,367",9.10,"3,790,901","46,997,248","340,555",8.07,"1,883,808","34,054,021","8,367",5.53,"11,506","179,243",1,6.42,.,.,.,.,"10,799,850","137,453,878","2,731,290",7.86
2007,HI,Final,"772,069","3,200,724","406,417",24.12,"771,205","3,520,234","61,965",21.91,"710,171","3,864,338",690,18.38,0,0,0,.,.,.,.,.,"2,253,444","10,585,299","469,071",21.29
2007,IA,Final,"1,328,153","14,060,336","949,612",9.45,"858,697","12,084,354","158,361",7.11,"906,074","19,124,835","3,935",4.74,0,0,0,.,.,.,.,.,"3,092,922","45,269,523","1,111,908",6.83
2007,ID,Final,"530,333","8,339,432","586,551",6.36,"309,173","6,014,561","88,512",5.14,"364,108","9,401,192","23,603",3.87,0,0,0,.,.,.,.,.,"1,203,613","23,755,187","698,666",5.07
2007,IL,Final,"4,863,296","48,036,261","4,565,290",10.12,"4,461,531","52,043,236","516,716",8.57,"3,001,349","45,430,300","2,295",6.61,"35,060","545,352",19,6.43,.,.,.,.,"12,361,235","146,055,152","5,084,319",8.46
2007,IN,Final,"2,862,276","34,646,056","2,013,230",8.26,"1,805,817","24,767,580","270,685",7.29,"2,444,710","49,987,610","14,290",4.89,"1,909","18,907",1,10.10,.,.,.,.,"7,114,711","109,420,151","2,298,207",6.50
2007,KS,Final,"1,131,174","13,806,496","904,611",8.19,"1,056,252","15,474,067","134,321",6.83,"558,244","10,885,413","9,113",5.13,0,0,0,.,.,.,.,.,"2,745,670","40,165,976","1,048,046",6.84
2007,KY,Final,"2,055,656","28,003,953","1,221,383",7.34,"1,353,535","20,034,522","214,271",6.76,"1,984,095","44,365,626","4,682",4.47,0,0,0,.,.,.,.,.,"5,393,286","92,404,100","1,440,336",5.84
2007,LA,Final,"2,706,811","28,877,812","1,378,629",9.37,"2,088,782","22,887,200","198,330",9.13,"1,882,740","27,798,817","18,395",6.77,431,"3,105",23,13.88,.,.,.,.,"6,678,768","79,566,936","1,595,376",8.39
2007,MA,Final,"3,268,684","20,137,533","2,348,910",16.23,"4,126,964","27,148,238","295,902",15.20,"1,230,910","9,449,995","9,658",13.03,"37,247","403,059",4,9.24,.,.,.,.,"8,663,804","57,138,823","2,654,474",15.16
2007,MD,Final,"3,353,161","28,194,802","1,948,623",11.89,"3,553,227","30,691,161","202,537",11.58,"563,023","5,980,358","8,513",9.41,"53,225","524,342",83,10.15,.,.,.,.,"7,522,636","65,390,659","2,159,756",11.50
2007,ME,Final,"729,194","4,413,151","748,860",16.52,"542,984","4,195,249","53,636",12.94,"458,669","3,251,801","9,649",14.11,0,0,0,.,.,.,.,.,"1,730,844","11,860,204","812,144",14.59
2007,MI,Final,"3,611,793","35,366,080","3,889,377",10.21,"3,513,901","40,046,871","467,396",8.77,"2,192,101","33,878,817","11,344",6.47,487,"4,980",1,9.78,.,.,.,.,"9,318,280","109,296,748","4,368,118",8.53
2007,MN,Final,"2,078,499","22,645,638","1,610,938",9.18,"1,684,182","22,523,011","196,269",7.48,"1,310,818","23,041,487","4,766",5.69,"1,740","21,046",1,8.27,.,.,.,.,"5,075,241","68,231,184","1,811,975",7.44
2007,MO,Final,"2,758,441","35,872,486","1,865,596",7.69,"1,972,802","31,126,107","262,006",6.34,"881,869","18,514,719","8,309",4.76,"1,203","19,537",1,6.16,.,.,.,.,"5,614,316","85,532,850","2,135,911",6.56
2007,MS,Final,"1,737,497","18,565,874","743,212",9.36,"1,195,619","13,400,202","131,994",8.92,"931,332","16,187,103","3,759",5.75,0,0,0,.,.,.,.,.,"3,864,447","48,153,182","878,965",8.03
2007,MT,Final,"398,441","4,541,545","363,546",8.77,"391,257","4,827,723","86,215",8.10,"317,807","6,162,716","1,826",5.16,0,0,0,.,.,.,.,.,"1,107,506","15,531,985","451,587",7.13
2007,NC,Final,"5,271,039","56,095,471","2,958,129",9.40,"3,477,246","46,806,861","490,377",7.43,"1,583,677","28,978,398","9,054",5.47,0,22,1,0.00,.,.,.,.,"10,331,962","131,880,755","3,457,561",7.83
2007,ND,Final,"297,097","4,067,285","274,794",7.30,"277,519","4,214,689","48,732",6.58,"189,729","3,623,721","2,176",5.24,0,0,0,.,.,.,.,.,"764,346","11,905,696","325,702",6.42
2007,NE,Final,"739,995","9,747,548","578,953",7.59,"600,512","9,396,454","95,348",6.39,"434,830","9,104,398","14,235",4.78,0,0,0,.,.,.,.,.,"1,775,335","28,248,401","688,535",6.28
2007,NH,Final,"668,468","4,492,871","582,659",14.88,"635,855","4,569,788","99,176",13.91,"266,611","2,173,196","3,151",12.27,0,0,0,.,.,.,.,.,"1,570,936","11,235,857","684,987",13.98
2007,NJ,Final,"4,206,786","29,751,647","3,330,448",14.14,"5,310,200","40,876,069","458,872",12.99,"1,110,286","11,013,374","13,414",10.08,"32,660","293,245",13,11.14,.,.,.,.,"10,659,930","81,934,336","3,802,748",13.01
2007,NM,Final,"582,484","6,387,365","642,668",9.12,"684,593","8,931,612","96,254",7.66,"388,865","6,948,419","3,649",5.60,0,0,0,.,.,.,.,.,"1,655,947","22,267,393","742,571",7.44
2007,NV,Final,"1,464,211","12,390,181","1,029,257",11.82,"943,808","9,352,037","145,424",10.09,"1,150,536","13,892,693","2,408",8.28,847,"8,493",17,9.97,.,.,.,.,"3,559,405","35,643,402","1,177,106",9.99
2007,NY,Final,"8,590,669","50,241,444","6,703,190",17.10,"11,829,258","74,326,105","960,091",15.92,"1,760,986","20,212,583","10,735",8.71,"372,519","3,397,394",159,10.96,.,.,.,.,"22,553,430","148,177,524","7,674,174",15.22
2007,OH,Final,"5,203,953","54,375,759","4,207,209",9.57,"4,174,947","48,128,512","536,443",8.67,"3,413,034","59,218,956","18,210",5.76,"4,751","47,598",2,9.98,.,.,.,.,"12,796,684","161,770,828","4,761,865",7.91
2007,OK,Final,"1,833,711","21,360,557","1,160,938",8.58,"1,366,511","18,634,445","168,479",7.33,"822,829","15,198,199","16,451",5.41,0,0,0,.,.,.,.,.,"4,023,049","55,193,200","1,345,867",7.29
2007,OR,Final,"1,585,853","19,374,457","1,256,710",8.19,"1,165,415","16,186,580","183,224",7.20,"663,798","13,117,448","14,655",5.06,"1,239","18,479",46,6.70,.,.,.,.,"3,416,304","48,696,965","1,454,634",7.02
2007,PA,Final,"5,976,913","54,586,820","4,944,129",10.95,"4,374,769","47,531,366","639,309",9.20,"3,337,532","48,579,167","26,640",6.87,"67,636","875,594",10,7.72,.,.,.,.,"13,756,851","151,572,950","5,610,087",9.08
2007,RI,Final,"439,939","3,131,775","425,439",14.05,"470,096","3,710,201","52,357",12.67,"141,013","1,171,046","2,091",12.04,0,0,0,.,.,.,.,.,"1,051,047","8,013,024","479,886",13.12
2007,SC,Final,"2,716,413","29,569,242","1,376,334",9.19,"1,684,145","21,746,492","258,403",7.74,"1,479,252","30,632,427","3,834",4.83,0,0,0,.,.,.,.,.,"5,879,811","81,948,159","1,638,570",7.18
2007,SD,Final,"343,976","4,260,638","270,258",8.07,"276,375","4,181,171","51,093",6.61,"110,044","2,161,491","1,691",5.09,0,0,0,.,.,.,.,.,"730,395","10,603,300","323,042",6.89
2007,TN,Final,"3,362,580","42,879,972","1,820,099",7.84,"2,425,991","29,985,090","270,733",8.09,"1,758,176","33,850,339","1,430",5.19,158,"1,533",1,10.31,.,.,.,.,"7,546,910","106,716,935","2,092,262",7.07
2007,TX,Final,"15,418,549","124,921,213","6,743,552",12.34,"10,909,826","110,540,052","1,041,468",9.87,"8,438,746","108,300,296","117,509",7.79,"5,629","67,019",31,8.40,.,.,.,.,"34,772,753","343,828,582","7,902,560",10.11
2007,UT,Final,"713,614","8,751,549","788,242",8.15,"669,325","10,240,611","95,090",6.54,"396,334","8,759,330","9,211",4.52,"2,528","33,957",5,7.44,.,.,.,.,"1,781,798","27,785,449","892,547",6.41
2007,VA,Final,"3,975,899","45,480,518","2,670,880",8.74,"2,995,927","46,971,481","343,014",6.38,"958,561","18,924,871","4,397",5.07,"12,968","192,682",1,6.73,.,.,.,.,"7,943,353","111,569,553","3,018,291",7.12
2007,VT,Final,"306,927","2,169,646","265,598",14.15,"253,040","2,058,959","43,734",12.29,"145,891","1,635,401",96,8.92,0,0,0,.,.,.,.,.,"705,856","5,864,007","309,428",12.04
2007,WA,Final,"2,569,669","35,388,779","2,170,778",7.26,"1,939,516","29,599,033","257,000",6.55,"948,352","20,752,603","13,578",4.57,90,"1,534",4,5.87,.,.,.,.,"5,457,624","85,741,948","2,441,359",6.37
2007,WI,Final,"2,431,000","22,374,049","2,093,420",10.87,"2,047,232","23,491,055","276,017",8.71,"1,567,160","25,436,196","4,590",6.16,0,0,0,.,.,.,.,.,"6,045,391","71,301,301","2,374,027",8.48
2007,WV,Final,"790,901","11,749,311","847,664",6.73,"454,212","7,768,979","132,345",5.85,"579,745","14,661,094","11,844",3.95,287,"4,458",1,6.44,.,.,.,.,"1,825,145","34,183,839","991,854",5.34
2007,WY,Final,"200,931","2,592,120","206,511",7.75,"263,277","4,213,547","47,595",6.25,"358,315","8,729,886","6,527",4.10,0,0,0,.,.,.,.,.,"822,523","15,535,552","260,633",5.29
2007,US,Final,"148,294,915","1,392,241,008","102,828,867",10.65,"128,903,248","1,336,315,191","14,192,162",9.65,"65,711,932","1,027,831,920","597,566",6.39,"792,464","8,172,596",959,9.70,.,.,.,.,"343,702,557","3,764,560,731","117,619,554",9.13
2006,AK,Final,"314,376","2,120,255",.,14.83,"336,254","2,819,211",.,11.93,"143,432","1,242,826",.,11.54,0,0,.,.,.,.,.,.,"794,063","6,182,291",.,12.84
2006,AL,Final,"2,824,691","32,277,083",.,8.75,"1,808,545","22,119,933",.,8.18,"1,778,045","36,280,680",.,4.90,0,0,.,.,.,.,.,.,"6,411,280","90,677,696",.,7.07
2006,AR,Final,"1,510,709","17,065,081",.,8.85,"805,818","11,580,534",.,6.96,"943,191","17,990,009",.,5.24,0,0,.,.,.,.,.,.,"3,259,718","46,635,623",.,6.99
2006,AZ,Final,"3,041,748","32,367,477",.,9.40,"2,294,866","28,625,909",.,8.02,"697,504","12,259,392",.,5.69,0,0,.,.,.,.,.,.,"6,034,120","73,252,777",.,8.24
2006,CA,Final,"12,875,540","89,835,748",.,14.33,"15,636,089","121,255,050",.,12.90,"5,145,016","50,990,892",.,10.09,"55,193","876,836",.,6.29,.,.,.,.,"33,711,835","262,958,528",.,12.82
2006,CO,Final,"1,529,025","16,951,535",.,9.02,"1,512,449","20,152,638",.,7.50,"741,298","12,604,819",.,5.88,"1,921","24,707",.,7.78,.,.,.,.,"3,784,694","49,733,697",.,7.61
2006,CT,Final,"2,185,137","12,963,469",.,16.86,"1,909,189","13,611,035",.,14.03,"576,723","4,925,980",.,11.71,"25,739","176,967",.,14.54,.,.,.,.,"4,696,790","31,677,453",.,14.83
2006,DC,Final,"179,992","1,822,109",.,9.88,"1,008,211","9,029,832",.,11.17,"41,806","239,843",.,17.43,"32,531","304,640",.,10.68,.,.,.,.,"1,262,541","11,396,423",.,11.08
2006,DE,Final,"504,601","4,258,639",.,11.85,"428,533","4,196,005",.,10.21,"237,621","3,100,027",.,7.67,0,0,.,.,.,.,.,.,"1,170,758","11,554,671",.,10.13
2006,FL,Final,"13,263,647","117,053,005",.,11.33,"9,047,713","91,300,018",.,9.91,"1,523,471","19,767,807",.,7.71,"10,184","98,720",.,10.32,.,.,.,.,"23,845,014","228,219,544",.,10.45
2006,GA,Final,"4,857,737","54,520,612",.,8.91,"3,558,589","45,546,515",.,7.81,"1,860,953","34,588,481",.,5.38,"10,928","178,558",.,6.12,.,.,.,.,"10,288,209","134,834,167",.,7.63
2006,HI,Final,"742,992","3,182,427",.,23.35,"747,603","3,489,731",.,21.42,"699,555","3,895,746",.,17.96,0,0,.,.,.,.,.,.,"2,190,153","10,567,916",.,20.72
2006,IA,Final,"1,285,276","13,344,309",.,9.63,"850,299","11,660,321",.,7.29,"902,173","18,331,369",.,4.92,60,840,.,7.14,.,.,.,.,"3,037,808","43,336,835",.,7.01
2006,ID,Final,"500,239","8,057,475",.,6.21,"299,737","5,813,221",.,5.16,"320,582","8,891,052",.,3.61,0,0,.,.,.,.,.,.,"1,120,558","22,761,749",.,4.92
2006,IL,Final,"3,907,209","46,381,487",.,8.42,"4,025,134","50,630,916",.,7.95,"2,105,923","44,916,424",.,4.69,"28,991","518,986",.,5.59,.,.,.,.,"10,067,254","142,447,812",.,7.07
2006,IN,Final,"2,655,439","32,286,467",.,8.22,"1,718,958","23,829,998",.,7.21,"2,451,292","49,529,874",.,4.95,"1,755","18,148",.,9.67,.,.,.,.,"6,827,444","105,664,484",.,6.46
2006,KS,Final,"1,114,254","13,502,670",.,8.25,"1,029,585","14,786,349",.,6.96,"596,107","11,462,283",.,5.20,0,0,.,.,.,.,.,.,"2,739,944","39,751,301",.,6.89
2006,KY,Final,"1,821,795","25,948,878",.,7.02,"1,218,885","18,941,093",.,6.44,"1,776,047","43,853,464",.,4.05,0,0,.,.,.,.,.,.,"4,816,724","88,743,434",.,5.43
2006,LA,Final,"2,568,188","28,112,801",.,9.14,"1,983,715","21,979,446",.,9.03,"1,880,965","27,372,926",.,6.87,363,"2,575",.,14.10,.,.,.,.,"6,433,229","77,467,749",.,8.30
2006,MA,Final,"3,257,337","19,624,431",.,16.60,"4,077,684","26,236,963",.,15.54,"1,252,131","9,602,458",.,13.04,"41,252","386,239",.,10.68,.,.,.,.,"8,628,409","55,850,089",.,15.45
2006,MD,Final,"2,613,587","26,905,385",.,9.71,"3,140,523","29,729,028",.,10.56,"492,974","6,057,031",.,8.14,"40,604","481,697",.,8.43,.,.,.,.,"6,287,685","63,173,142",.,9.95
2006,ME,Final,"600,505","4,351,048",.,13.80,"513,628","4,133,900",.,12.42,"335,571","3,799,818",.,8.83,0,0,.,.,.,.,.,.,"1,449,704","12,284,766",.,11.80
2006,MI,Final,"3,381,936","34,622,099",.,9.77,"3,344,517","39,298,996",.,8.51,"2,061,248","34,092,934",.,6.05,369,"3,668",.,10.06,.,.,.,.,"8,788,070","108,017,697",.,8.14
2006,MN,Final,"1,905,116","21,909,407",.,8.70,"1,556,427","22,175,216",.,7.02,"1,198,299","22,664,224",.,5.29,"1,676","21,085",.,7.95,.,.,.,.,"4,661,517","66,769,931",.,6.98
2006,MO,Final,"2,519,516","33,880,155",.,7.44,"1,810,853","29,800,467",.,6.08,"838,291","18,315,672",.,4.58,"1,088","18,935",.,5.75,.,.,.,.,"5,169,748","82,015,230",.,6.30
2006,MS,Final,"1,764,907","18,276,131",.,9.66,"1,212,975","12,948,498",.,9.37,"934,000","15,711,806",.,5.94,0,0,.,.,.,.,.,.,"3,911,885","46,936,437",.,8.33
2006,MT,Final,"363,945","4,393,972",.,8.28,"348,776","4,685,991",.,7.44,"242,239","4,735,015",.,5.12,0,0,.,.,.,.,.,.,"954,961","13,814,979",.,6.91
2006,NC,Final,"4,818,175","52,851,297",.,9.12,"3,195,294","44,584,706",.,7.17,"1,530,690","29,262,947",.,5.23,0,31,.,0.00,.,.,.,.,"9,544,161","126,698,980",.,7.53
2006,ND,Final,"274,952","3,853,039",.,7.14,"259,978","4,126,550",.,6.30,"163,157","3,265,648",.,5.00,0,0,.,.,.,.,.,.,"698,087","11,245,238",.,6.21
2006,NE,Final,"688,822","9,293,508",.,7.41,"557,785","9,005,505",.,6.19,"408,991","8,977,280",.,4.56,0,0,.,.,.,.,.,.,"1,655,595","27,276,291",.,6.07
2006,NH,Final,"646,110","4,400,598",.,14.68,"641,808","4,562,555",.,14.07,"247,582","2,131,193",.,11.62,0,0,.,.,.,.,.,.,"1,535,503","11,094,342",.,13.84
2006,NJ,Final,"3,676,188","28,621,557",.,12.84,"4,582,663","39,437,464",.,11.62,"1,180,090","11,330,599",.,10.42,"28,266","291,327",.,9.70,.,.,.,.,"9,467,207","79,680,948",.,11.88
2006,NM,Final,"544,294","6,009,427",.,9.06,"655,056","8,603,698",.,7.61,"379,912","6,821,833",.,5.57,0,0,.,.,.,.,.,.,"1,579,265","21,434,957",.,7.37
2006,NV,Final,"1,327,029","11,978,121",.,11.08,"908,396","8,975,373",.,10.12,"1,093,539","13,624,582",.,8.03,809,"8,185",.,9.88,.,.,.,.,"3,329,774","34,586,261",.,9.63
2006,NY,Final,"8,181,161","48,426,749",.,16.89,"11,792,955","76,028,586",.,15.51,"1,406,616","14,976,419",.,9.39,"334,967","2,806,263",.,11.94,.,.,.,.,"21,715,698","142,238,019",.,15.27
2006,OH,Final,"4,800,765","51,375,230",.,9.34,"3,893,020","46,140,703",.,8.44,"3,132,920","55,869,285",.,5.61,"4,419","43,624",.,10.13,.,.,.,.,"11,831,127","153,428,845",.,7.71
2006,OK,Final,"1,854,267","21,690,395",.,8.55,"1,336,179","18,196,670",.,7.34,"819,271","15,018,250",.,5.46,0,0,.,.,.,.,.,.,"4,009,713","54,905,313",.,7.30
2006,OR,Final,"1,418,754","18,977,580",.,7.48,"1,088,309","16,082,633",.,6.77,"630,296","12,990,969",.,4.85,"1,157","18,081",.,6.40,.,.,.,.,"3,138,516","48,069,266",.,6.53
2006,PA,Final,"5,358,994","51,790,116",.,10.35,"4,080,969","45,623,569",.,8.94,"3,178,946","47,920,389",.,6.63,"60,850","816,281",.,7.45,.,.,.,.,"12,679,757","146,150,359",.,8.68
2006,RI,Final,"454,734","3,008,442",.,15.12,"486,201","3,599,332",.,13.51,"149,049","1,191,351",.,12.51,0,0,.,.,.,.,.,.,"1,089,982","7,799,125",.,13.98
2006,SC,Final,"2,576,253","28,539,117",.,9.03,"1,591,080","20,922,509",.,7.60,"1,480,769","31,415,694",.,4.71,0,0,.,.,.,.,.,.,"5,648,098","80,877,323",.,6.98
2006,SD,Final,"317,313","4,050,929",.,7.83,"262,160","4,053,792",.,6.47,"94,430","1,951,665",.,4.84,0,0,.,.,.,.,.,.,"673,904","10,056,389",.,6.70
2006,TN,Final,"3,164,295","40,815,857",.,7.75,"2,323,118","29,033,127",.,8.00,"1,760,575","34,081,328",.,5.17,160,"1,431",.,11.18,.,.,.,.,"7,248,149","103,931,745",.,6.97
2006,TX,Final,"16,307,429","126,843,224",.,12.86,"10,950,526","111,130,363",.,9.85,"8,185,081","104,688,872",.,7.82,"5,198","61,754",.,8.42,.,.,.,.,"35,448,235","342,724,213",.,10.34
2006,UT,Final,"625,219","8,232,049",.,7.59,"599,154","9,748,789",.,6.15,"351,938","8,355,670",.,4.21,"2,100","29,205",.,7.19,.,.,.,.,"1,578,407","26,365,717",.,5.99
2006,VA,Final,"3,641,809","42,906,018",.,8.49,"2,774,957","44,653,831",.,6.21,"891,171","18,998,108",.,4.69,"11,119","163,283",.,6.81,.,.,.,.,"7,319,053","106,721,239",.,6.86
2006,VT,Final,"286,876","2,142,238",.,13.39,"236,628","2,027,096",.,11.67,"135,419","1,625,697",.,8.33,0,0,.,.,.,.,.,.,"658,921","5,795,028",.,11.37
2006,WA,Final,"2,349,887","34,438,566",.,6.82,"1,896,054","28,580,248",.,6.63,"976,349","22,013,390",.,4.44,67,"1,133",.,5.91,.,.,.,.,"5,222,357","85,033,336",.,6.14
2006,WI,Final,"2,288,770","21,779,469",.,10.51,"1,904,968","22,755,676",.,8.37,"1,480,311","25,285,603",.,5.85,0,0,.,.,.,.,.,.,"5,674,051","69,820,749",.,8.13
2006,WV,Final,"699,628","11,014,420",.,6.35,"412,634","7,377,472",.,5.59,"516,184","13,915,887",.,3.71,255,"4,351",.,5.86,.,.,.,.,"1,628,704","32,312,127",.,5.04
2006,WY,Final,"191,176","2,467,935",.,7.75,"258,441","4,116,620",.,6.28,"337,968","8,362,058",.,4.04,0,0,.,.,.,.,.,.,"787,586","14,946,611",.,5.27
2006,US,Final,"140,582,344","1,351,520,036",.,10.40,"122,913,888","1,299,743,681",.,9.46,"62,307,711","1,011,297,569",.,6.16,"702,021","7,357,550",.,9.54,.,.,.,.,"326,505,965","3,669,918,842",.,8.90
2005,AK,Final,"274,150","2,061,654",.,13.30,"311,426","2,694,912",.,11.56,"107,443","1,156,009",.,9.29,0,0,.,.,.,.,.,.,"693,023","5,912,571",.,11.72
2005,AL,Final,"2,504,002","31,315,099",.,8.00,"1,619,523","21,607,756",.,7.50,"1,641,193","36,278,764",.,4.52,0,0,.,.,.,.,.,.,"5,764,720","89,201,620",.,6.46
2005,AR,Final,"1,370,919","17,133,693",.,8.00,"702,700","11,366,396",.,6.18,"836,839","17,664,831",.,4.74,0,0,.,.,.,.,.,.,"2,910,458","46,164,924",.,6.30
2005,AZ,Final,"2,707,355","30,543,644",.,8.86,"2,031,772","27,468,351",.,7.40,"665,279","11,378,693",.,5.85,0,0,.,.,.,.,.,.,"5,404,406","69,390,686",.,7.79
2005,CA,Final,"10,707,559","85,610,410",.,12.51,"14,007,055","117,550,526",.,11.92,"4,797,044","50,242,289",.,9.55,"55,443","846,283",.,6.55,.,.,.,.,"29,567,100","254,249,506",.,11.63
2005,CO,Final,"1,489,539","16,436,379",.,9.06,"1,512,138","19,845,958",.,7.62,"691,210","12,051,511",.,5.74,972,"19,387",.,5.01,.,.,.,.,"3,693,858","48,353,238",.,7.64
2005,CT,Final,"1,882,774","13,802,964",.,13.64,"1,607,703","13,949,347",.,11.53,"484,404","5,152,935",.,9.40,"16,671","189,784",.,8.78,.,.,.,.,"3,991,549","33,095,029",.,12.06
2005,DC,Final,"176,447","1,938,271",.,9.10,.,.,.,.,.,.,.,.,"23,999","325,568",.,7.37,.,.,.,.,"1,084,965","11,816,206",.,9.18
2005,DE,Final,"414,052","4,594,009",.,9.01,"322,150","4,237,756",.,7.60,"205,134","3,305,021",.,6.21,0,0,.,.,.,.,.,.,"941,336","12,136,789",.,7.76
2005,FL,Final,"11,140,739","115,791,459",.,9.62,"7,293,500","89,410,280",.,8.16,"1,271,207","19,676,345",.,6.46,"7,943","98,926",.,8.03,.,.,.,.,"19,713,387","224,977,010",.,8.76
2005,GA,Final,"4,565,469","52,826,512",.,8.64,"3,427,864","44,663,298",.,7.67,"1,826,758","34,601,792",.,5.28,"10,255","173,850",.,5.90,.,.,.,.,"9,830,340","132,265,452",.,7.43
2005,HI,Final,"655,007","3,164,065",.,20.70,"659,279","3,463,145",.,19.04,"617,583","3,911,697",.,15.79,0,0,.,.,.,.,.,.,"1,931,868","10,538,911",.,18.33
2005,IA,Final,"1,258,243","13,570,604",.,9.27,"783,369","11,271,017",.,6.95,"817,783","17,915,187",.,4.56,0,0,.,.,.,.,.,.,"2,859,393","42,756,808",.,6.69
2005,ID,Final,"477,936","7,600,767",.,6.29,"304,257","5,615,472",.,5.42,"337,437","8,636,443",.,3.91,0,0,.,.,.,.,.,.,"1,119,625","21,852,680",.,5.12
2005,IL,Final,"4,054,880","48,592,600",.,8.34,"3,874,737","49,977,267",.,7.75,"2,114,920","45,888,261",.,4.61,"29,647","528,087",.,5.61,.,.,.,.,"10,074,180","144,986,214",.,6.95
2005,IN,Final,"2,522,560","33,628,671",.,7.50,"1,573,156","23,958,618",.,6.57,"2,164,797","48,944,355",.,4.42,"1,580","17,270",.,9.15,.,.,.,.,"6,262,092","106,548,910",.,5.88
2005,KS,Final,"1,058,504","13,406,146",.,7.90,"954,144","14,453,102",.,6.60,"542,007","11,165,033",.,4.85,0,0,.,.,.,.,.,.,"2,554,653","39,024,283",.,6.55
2005,KY,Final,"1,769,366","26,947,110",.,6.57,"1,146,577","19,090,656",.,6.01,"1,560,953","43,313,699",.,3.60,0,0,.,.,.,.,.,.,"4,476,895","89,351,467",.,5.01
2005,LA,Final,"2,541,983","28,654,172",.,8.87,"1,856,678","21,692,001",.,8.56,"1,813,941","27,031,225",.,6.71,899,"11,775",.,7.63,.,.,.,.,"6,213,503","77,389,169",.,8.03
2005,MA,Final,"2,760,307","20,539,324",.,13.44,"3,281,905","26,415,494",.,12.42,"909,609","9,870,554",.,9.22,"19,322","402,218",.,4.80,.,.,.,.,"6,971,144","57,227,588",.,12.18
2005,MD,Final,"2,405,230","28,439,646",.,8.46,"1,607,750","17,931,771",.,8.97,"1,509,206","21,516,641",.,7.01,"36,882","477,331",.,7.73,.,.,.,.,"5,559,068","68,365,385",.,8.13
2005,ME,Final,"595,970","4,503,455",.,13.23,"441,798","4,157,213",.,10.63,"269,341","3,702,212",.,7.28,0,0,.,.,.,.,.,.,"1,307,106","12,362,880",.,10.57
2005,MI,Final,"3,032,825","36,094,954",.,8.40,"3,104,564","39,599,845",.,7.84,"1,849,999","34,744,741",.,5.32,657,"5,025",.,13.07,.,.,.,.,"7,988,044","110,444,564",.,7.23
2005,MN,Final,"1,799,429","21,743,002",.,8.28,"1,447,869","21,985,392",.,6.59,"1,117,590","22,265,882",.,5.02,"1,538","24,780",.,6.21,.,.,.,.,"4,366,425","66,019,052",.,6.61
2005,MO,Final,"2,436,859","34,411,987",.,7.08,"1,755,777","29,640,253",.,5.92,"766,288","16,868,838",.,4.54,927,"19,415",.,4.77,.,.,.,.,"4,959,848","80,940,494",.,6.13
2005,MS,Final,"1,564,167","17,953,344",.,8.71,"1,074,659","12,665,855",.,8.48,"820,782","15,281,864",.,5.37,0,0,.,.,.,.,.,.,"3,459,607","45,901,064",.,7.54
2005,MT,Final,"342,059","4,221,449",.,8.10,"332,243","4,473,393",.,7.43,"231,235","4,783,997",.,4.83,0,0,.,.,.,.,.,.,"905,538","13,478,839",.,6.72
2005,NC,Final,"4,679,816","54,072,736",.,8.65,"3,027,755","44,161,328",.,6.86,"1,516,421","30,101,279",.,5.04,3,36,.,8.33,.,.,.,.,"9,223,996","128,335,377",.,7.19
2005,ND,Final,"265,356","3,796,008",.,6.99,"243,999","3,993,819",.,6.11,"131,874","3,050,162",.,4.32,0,0,.,.,.,.,.,.,"641,229","10,839,989",.,5.92
2005,NE,Final,"664,983","9,309,209",.,7.14,"528,813","8,848,232",.,5.98,"390,637","8,818,504",.,4.43,0,0,.,.,.,.,.,.,"1,584,434","26,975,944",.,5.87
2005,NH,Final,"607,192","4,495,376",.,13.51,"551,734","4,575,721",.,12.06,"249,479","2,173,529",.,11.48,0,0,.,.,.,.,.,.,"1,408,405","11,244,629",.,12.53
2005,NJ,Final,"3,517,735","29,973,444",.,11.74,"4,218,311","39,762,418",.,10.61,"1,157,922","11,862,287",.,9.76,"22,862","298,664",.,7.65,.,.,.,.,"8,916,831","81,896,812",.,10.89
2005,NM,Final,"535,571","5,864,834",.,9.13,"656,770","8,410,622",.,7.81,"356,998","6,363,496",.,5.61,0,0,.,.,.,.,.,.,"1,549,338","20,638,950",.,7.51
2005,NV,Final,"1,129,617","11,079,816",.,10.20,"807,512","8,515,903",.,9.48,"994,380","12,896,932",.,7.71,744,"7,979",.,9.32,.,.,.,.,"2,932,254","32,500,631",.,9.02
2005,NY,Final,"7,945,035","50,532,852",.,15.72,"11,030,745","76,821,807",.,14.36,"1,640,645","19,946,552",.,8.23,"324,339","2,846,362",.,11.39,.,.,.,.,"20,940,764","150,147,571",.,13.95
2005,OH,Final,"4,585,518","53,904,243",.,8.51,"3,716,339","46,869,755",.,7.93,"3,029,489","59,354,380",.,5.10,"4,328","47,926",.,9.03,.,.,.,.,"11,335,673","160,176,303",.,7.08
2005,OK,Final,"1,694,693","21,309,314",.,7.95,"1,223,298","17,477,405",.,7.00,"761,976","14,920,385",.,5.11,0,0,.,.,.,.,.,.,"3,679,964","53,707,103",.,6.85
2005,OR,Final,"1,330,450","18,338,814",.,7.25,"1,000,655","15,379,662",.,6.51,"613,099","12,683,813",.,4.83,"1,078","16,956",.,6.36,.,.,.,.,"2,945,281","46,419,246",.,6.34
2005,PA,Final,"5,289,436","53,661,477",.,9.86,"3,890,067","45,781,818",.,8.50,"3,018,191","47,950,069",.,6.29,"63,548","879,576",.,7.22,.,.,.,.,"12,261,242","148,272,941",.,8.27
2005,RI,Final,"413,448","3,171,377",.,13.04,"424,964","3,628,138",.,11.71,"125,027","1,249,596",.,10.01,0,0,.,.,.,.,.,.,"963,440","8,049,112",.,11.97
2005,SC,Final,"2,487,104","28,675,762",.,8.67,"1,514,949","20,497,869",.,7.39,"1,459,564","32,080,455",.,4.55,0,0,.,.,.,.,.,.,"5,461,615","81,254,089",.,6.72
2005,SD,Final,"308,727","3,972,978",.,7.77,"247,993","3,998,479",.,6.20,"91,065","1,839,559",.,4.95,0,0,.,.,.,.,.,.,"647,789","9,811,017",.,6.60
2005,TN,Final,"2,872,416","41,132,286",.,6.98,"2,089,676","29,146,415",.,7.17,"1,591,010","33,625,413",.,4.73,150,"1,309",.,11.46,.,.,.,.,"6,553,253","103,905,420",.,6.31
2005,TX,Final,"13,831,781","126,561,911",.,10.93,"9,809,779","110,784,312",.,8.85,"6,916,247","96,841,431",.,7.14,"5,964","70,606",.,8.45,.,.,.,.,"30,563,772","334,258,264",.,9.14
2005,UT,Final,"568,712","7,567,280",.,7.52,"571,176","9,416,775",.,6.07,"338,765","7,988,773",.,4.24,"1,992","27,671",.,7.20,.,.,.,.,"1,480,643","25,000,498",.,5.92
2005,VA,Final,"3,644,951","44,661,839",.,8.16,"2,704,508","44,670,193",.,6.05,"862,602","19,354,049",.,4.46,"11,127","163,473",.,6.81,.,.,.,.,"7,223,190","108,849,551",.,6.64
2005,VT,Final,"283,730","2,188,640",.,12.96,"232,431","2,050,800",.,11.33,"127,788","1,643,615",.,7.77,0,0,.,.,.,.,.,.,"643,952","5,883,053",.,10.95
2005,WA,Final,"2,173,381","33,212,196",.,6.54,"1,777,760","28,099,584",.,6.33,"943,101","22,111,774",.,4.27,105,"1,647",.,6.38,.,.,.,.,"4,894,348","83,425,200",.,5.87
2005,WI,Final,"2,170,507","22,458,359",.,9.66,"1,725,682","22,501,288",.,7.67,"1,367,832","25,376,038",.,5.39,0,0,.,.,.,.,.,.,"5,264,022","70,335,684",.,7.48
2005,WV,Final,"706,483","11,384,444",.,6.21,"412,060","7,451,628",.,5.53,"435,474","11,311,577",.,3.85,268,"4,424",.,6.06,.,.,.,.,"1,554,283","30,152,070",.,5.15
2005,WY,Final,"177,699","2,376,532",.,7.48,"231,777","3,754,053",.,6.17,"319,485","8,007,141",.,3.99,0,0,.,.,.,.,.,.,"728,962","14,137,728",.,5.16
2005,US,Final,"128,392,671","1,359,227,117",.,9.45,"109,673,346","1,265,783,098",.,8.66,"58,409,053","1,018,899,628",.,5.73,"643,243","7,506,328",.,8.57,.,.,.,.,"298,002,811","3,660,968,521",.,8.14
2004,AK,Final,"256,460","2,061,905",.,12.44,"285,730","2,600,608",.,10.99,"93,820","1,125,971",.,8.33,0,0,.,.,.,.,.,.,"636,007","5,788,485",.,10.99
2004,AL,Final,"2,295,150","30,109,117",.,7.62,"1,506,483","21,166,145",.,7.12,"1,476,775","35,595,260",.,4.15,0,0,.,.,.,.,.,.,"5,278,409","86,870,518",.,6.08
2004,AR,Final,"1,149,871","15,619,398",.,7.36,"605,348","10,730,966",.,5.64,"720,015","17,321,995",.,4.16,0,0,.,.,.,.,.,.,"2,475,232","43,672,359",.,5.67
2004,AZ,Final,"2,446,631","28,920,651",.,8.46,"1,901,182","26,106,424",.,7.28,"637,420","11,906,177",.,5.35,0,0,.,.,.,.,.,.,"4,985,229","66,933,250",.,7.45
2004,CA,Final,"10,168,468","83,361,251",.,12.20,"13,845,979","118,952,884",.,11.64,"4,526,047","48,811,584",.,9.27,"57,768","900,251",.,6.42,.,.,.,.,"28,598,263","252,025,973",.,11.35
2004,CO,Final,"1,307,035","15,532,169",.,8.42,"1,343,025","19,497,955",.,6.89,"596,061","11,675,137",.,5.11,"1,079","18,580",.,5.81,.,.,.,.,"3,247,200","46,723,842",.,6.95
2004,CT,Final,"1,536,509","13,211,389",.,11.63,"1,331,876","13,454,655",.,9.90,"422,797","5,358,496",.,7.89,"13,785","190,068",.,7.25,.,.,.,.,"3,304,972","32,214,611",.,10.26
2004,DC,Final,"146,790","1,834,434",.,8.00,"623,572","8,276,372",.,7.53,"13,164","261,726",.,5.03,"22,409","304,065",.,7.37,.,.,.,.,"852,449","11,414,845",.,7.47
2004,DE,Final,"377,749","4,304,535",.,8.78,"300,126","4,033,420",.,7.44,"207,406","3,423,199",.,6.06,0,0,.,.,.,.,.,.,"885,280","11,761,153",.,7.53
2004,FL,Final,"10,085,887","112,203,013",.,8.99,"6,601,385","86,765,232",.,7.61,"1,139,932","19,518,052",.,5.84,"7,320","98,202",.,7.45,.,.,.,.,"17,834,520","218,584,495",.,8.16
2004,GA,Final,"4,016,436","51,123,503",.,7.86,"2,912,395","42,316,393",.,6.88,"1,587,182","35,845,569",.,4.43,"9,230","180,319",.,5.12,.,.,.,.,"8,525,249","129,465,784",.,6.58
2004,HI,Final,"571,200","3,162,193",.,18.06,"588,078","3,632,408",.,16.19,"525,600","3,936,922",.,13.35,0,0,.,.,.,.,.,.,"1,684,879","10,731,520",.,15.70
2004,IA,Final,"1,131,602","12,625,126",.,8.96,"731,182","10,840,215",.,6.75,"755,719","17,437,431",.,4.33,0,0,.,.,.,.,.,.,"2,618,503","40,902,773",.,6.40
2004,ID,Final,"446,408","7,313,927",.,6.10,"294,304","5,484,016",.,5.37,"344,211","9,010,730",.,3.82,0,0,.,.,.,.,.,.,"1,084,923","21,808,672",.,4.97
2004,IL,Final,"3,638,263","43,442,532",.,8.37,"3,569,731","47,358,377",.,7.54,"2,231,611","48,008,008",.,4.65,"25,347","445,038",.,5.70,.,.,.,.,"9,464,950","139,253,956",.,6.80
2004,IN,Final,"2,276,904","31,192,228",.,7.30,"1,448,388","22,956,899",.,6.31,"2,022,063","48,928,498",.,4.13,"1,456","16,636",.,8.75,.,.,.,.,"5,748,812","103,094,263",.,5.58
2004,KS,Final,"961,623","12,416,599",.,7.74,"892,514","13,830,552",.,6.45,"510,276","10,879,389",.,4.69,0,0,.,.,.,.,.,.,"2,364,410","37,126,539",.,6.37
2004,KY,Final,"1,538,428","25,186,569",.,6.11,"1,033,721","18,443,306",.,5.60,"1,431,655","42,891,282",.,3.34,0,0,.,.,.,.,.,.,"4,003,809","86,521,155",.,4.63
2004,LA,Final,"2,324,175","28,862,998",.,8.05,"1,710,297","22,567,787",.,7.58,"1,646,260","28,290,475",.,5.82,"1,123","15,854",.,7.08,.,.,.,.,"5,681,859","79,737,112",.,7.13
2004,MA,Final,"2,323,431","19,768,529",.,11.75,"2,858,349","26,020,125",.,10.99,"843,982","9,946,998",.,8.48,"18,897","406,372",.,4.65,.,.,.,.,"6,044,661","56,142,019",.,10.77
2004,MD,Final,"2,180,631","27,951,979",.,7.80,"1,304,338","17,264,134",.,7.56,"1,269,298","21,194,572",.,5.99,"31,057","481,016",.,6.46,.,.,.,.,"4,785,325","66,891,699",.,7.15
2004,ME,Final,"526,568","4,331,109",.,12.16,"427,672","4,325,470",.,9.89,"243,595","3,711,089",.,6.56,0,0,.,.,.,.,.,.,"1,197,837","12,367,668",.,9.69
2004,MI,Final,"2,758,552","33,103,586",.,8.33,"2,925,172","38,632,098",.,7.57,"1,716,748","34,867,338",.,4.92,238,"3,018",.,7.89,.,.,.,.,"7,400,708","106,606,041",.,6.94
2004,MN,Final,"1,624,405","20,507,413",.,7.92,"1,287,372","20,406,705",.,6.31,"1,037,574","22,415,427",.,4.63,729,"10,769",.,6.77,.,.,.,.,"3,950,078","63,340,314",.,6.24
2004,MO,Final,"2,184,957","31,350,641",.,6.97,"1,647,845","28,391,148",.,5.80,"660,821","14,302,631",.,4.62,484,"9,874",.,4.90,.,.,.,.,"4,494,108","74,054,295",.,6.07
2004,MS,Final,"1,443,561","17,580,027",.,8.21,"1,018,804","12,750,284",.,7.99,"759,038","15,702,228",.,4.83,0,0,.,.,.,.,.,.,"3,221,404","46,032,538",.,7.00
2004,MT,Final,"318,547","4,052,759",.,7.86,"321,219","4,330,179",.,7.42,"189,814","4,573,843",.,4.15,0,0,.,.,.,.,.,.,"829,579","12,956,783",.,6.40
2004,NC,Final,"4,369,008","51,717,381",.,8.45,"2,871,462","42,864,262",.,6.70,"1,515,702","31,075,166",.,4.88,0,0,.,.,.,.,.,.,"8,756,173","125,656,807",.,6.97
2004,ND,Final,"248,814","3,662,780",.,6.79,"225,368","3,843,140",.,5.86,"124,333","3,010,475",.,4.13,0,0,.,.,.,.,.,.,"598,515","10,516,402",.,5.69
2004,NE,Final,"609,749","8,756,735",.,6.96,"496,784","8,501,170",.,5.84,"368,935","8,618,026",.,4.28,0,0,.,.,.,.,.,.,"1,475,465","25,875,930",.,5.70
2004,NH,Final,"534,912","4,281,737",.,12.49,"479,680","4,363,074",.,10.99,"233,197","2,328,498",.,10.01,0,0,.,.,.,.,.,.,"1,247,785","10,973,309",.,11.37
2004,NJ,Final,"3,147,967","28,020,125",.,11.23,"3,792,645","38,073,560",.,9.96,"1,012,091","11,209,578",.,9.03,"31,715","289,905",.,10.94,.,.,.,.,"7,984,416","77,593,165",.,10.29
2004,NM,Final,"488,388","5,634,822",.,8.67,"608,972","8,238,752",.,7.39,"311,797","5,972,165",.,5.22,0,0,.,.,.,.,.,.,"1,409,152","19,845,736",.,7.10
2004,NV,Final,"1,034,036","10,672,590",.,9.69,"751,653","8,275,330",.,9.08,"895,009","12,364,386",.,7.24,0,0,.,.,.,.,.,.,"2,680,696","31,312,306",.,8.56
2004,NY,Final,"6,889,583","47,378,877",.,14.54,"9,654,300","74,377,928",.,12.98,"1,455,397","20,675,048",.,7.04,"209,817","2,649,856",.,7.92,.,.,.,.,"18,209,097","145,081,709",.,12.55
2004,OH,Final,"4,251,139","50,300,038",.,8.45,"3,510,019","45,313,453",.,7.75,"2,863,504","58,558,349",.,4.89,"4,536","49,274",.,9.21,.,.,.,.,"10,629,197","154,221,115",.,6.89
2004,OK,Final,"1,520,291","19,699,042",.,7.72,"1,115,594","17,020,383",.,6.55,"676,710","14,222,619",.,4.76,0,0,.,.,.,.,.,.,"3,312,594","50,942,042",.,6.50
2004,OR,Final,"1,293,044","18,000,708",.,7.18,"1,009,879","15,666,621",.,6.45,"529,069","11,953,569",.,4.43,"1,009","15,549",.,6.49,.,.,.,.,"2,833,002","45,636,448",.,6.21
2004,PA,Final,"4,852,578","50,663,390",.,9.58,"3,773,900","44,355,434",.,8.51,"2,798,823","47,659,215",.,5.87,"60,257","823,453",.,7.32,.,.,.,.,"11,485,558","143,501,493",.,8.00
2004,RI,Final,"365,736","3,000,357",.,12.19,"372,960","3,542,438",.,10.53,"126,054","1,344,784",.,9.37,0,0,.,.,.,.,.,.,"864,750","7,887,575",.,10.96
2004,SC,Final,"2,266,565","27,909,740",.,8.12,"1,389,588","20,112,911",.,6.91,"1,315,385","31,885,691",.,4.13,0,0,.,.,.,.,.,.,"4,971,538","79,908,340",.,6.22
2004,SD,Final,"282,667","3,695,724",.,7.65,"224,235","3,627,166",.,6.18,"86,769","1,890,955",.,4.59,0,0,.,.,.,.,.,.,"593,669","9,213,843",.,6.44
2004,TN,Final,"2,656,585","38,525,655",.,6.90,"1,991,739","28,248,754",.,7.05,"1,466,347","32,885,219",.,4.46,122,"1,038",.,11.75,.,.,.,.,"6,114,793","99,660,665",.,6.14
2004,TX,Final,"11,707,075","120,329,880",.,9.73,"7,867,462","99,615,580",.,7.90,"5,902,052","100,588,036",.,5.87,"5,713","81,345",.,7.02,.,.,.,.,"25,482,301","320,614,841",.,7.95
2004,UT,Final,"528,323","7,324,847",.,7.21,"551,495","9,345,111",.,5.90,"313,598","7,816,391",.,4.01,"1,668","25,354",.,6.58,.,.,.,.,"1,395,083","24,511,704",.,5.69
2004,VA,Final,"3,397,447","42,503,396",.,7.99,"2,529,642","43,024,673",.,5.88,"842,858","19,734,459",.,4.27,"10,106","161,645",.,6.25,.,.,.,.,"6,780,058","105,424,173",.,6.43
2004,VT,Final,"273,020","2,109,494",.,12.94,"225,759","1,977,540",.,11.42,"125,554","1,576,737",.,7.96,0,0,.,.,.,.,.,.,"624,330","5,663,772",.,11.02
2004,WA,Final,"2,068,792","32,454,683",.,6.37,"1,742,153","28,225,787",.,6.17,"824,832","19,259,409",.,4.28,"2,690","41,732",.,6.45,.,.,.,.,"4,638,466","79,981,608",.,5.80
2004,WI,Final,"1,922,130","21,192,325",.,9.07,"1,401,389","19,348,876",.,7.24,"1,352,999","27,434,509",.,4.93,0,0,.,.,.,.,.,.,"4,676,517","67,975,710",.,6.88
2004,WV,Final,"669,935","10,755,870",.,6.23,"394,157","7,216,779",.,5.46,"418,858","10,941,529",.,3.83,255,"4,436",.,5.75,.,.,.,.,"1,483,202","28,918,611",.,5.13
2004,WY,Final,"163,123","2,261,812",.,7.21,"202,963","3,393,334",.,5.98,"308,120","7,884,365",.,3.91,0,0,.,.,.,.,.,.,"674,205","13,539,513",.,4.98
2004,US,Final,"115,577,148","1,291,981,588",.,8.95,"100,499,885","1,229,706,813",.,8.17,"53,476,877","1,017,829,205",.,5.25,"518,810","7,223,649",.,7.18,.,.,.,.,"270,119,217","3,547,479,479",.,7.61
2003,AK,Final,"238,066","1,987,010",.,11.98,"259,407","2,473,028",.,10.49,"86,770","1,103,645",.,7.86,0,0,.,.,.,.,.,.,"584,245","5,563,684",.,10.50
2003,AL,Final,"2,175,026","29,416,417",.,7.39,"1,399,002","20,410,631",.,6.85,"1,355,120","34,017,169",.,3.98,0,0,.,.,.,.,.,.,"4,929,145","83,844,218",.,5.88
2003,AR,Final,"1,129,827","15,598,301",.,7.24,"585,090","10,568,018",.,5.54,"684,562","16,941,939",.,4.04,0,0,.,.,.,.,.,.,"2,399,480","43,108,260",.,5.57
2003,AZ,Final,"2,315,710","27,741,520",.,8.35,"1,803,207","25,424,540",.,7.09,"586,596","10,913,501",.,5.37,0,0,.,.,.,.,.,.,"4,705,515","64,079,560",.,7.34
2003,CA,Final,"10,141,556","82,925,900",.,12.23,"13,672,050","109,577,675",.,12.48,"4,787,139","49,908,924",.,9.59,"46,894","808,822",.,5.80,.,.,.,.,"28,647,643","243,221,316",.,11.78
2003,CO,Final,"1,280,454","15,724,840",.,8.14,"1,297,891","19,656,728",.,6.60,"565,030","11,075,618",.,5.10,"2,741","37,459",.,7.32,.,.,.,.,"3,146,120","46,494,645",.,6.77
2003,CT,Final,"1,491,095","13,178,336",.,11.31,"1,299,904","13,093,634",.,9.93,"428,665","5,365,918",.,7.99,"14,845","192,331",.,7.72,.,.,.,.,"3,234,506","31,830,217",.,10.16
2003,DC,Final,"137,577","1,754,302",.,7.84,"635,376","8,639,347",.,7.35,"14,881","267,248",.,5.57,"21,816","285,486",.,7.64,.,.,.,.,"809,649","10,946,384",.,7.40
2003,DE,Final,"360,045","4,190,390",.,8.59,"284,247","3,886,168",.,7.31,"232,743","4,523,035",.,5.15,0,0,.,.,.,.,.,.,"877,039","12,599,591",.,6.96
2003,FL,Final,"9,636,113","112,649,864",.,8.55,"6,082,672","85,256,748",.,7.13,"1,048,418","19,374,816",.,5.41,"7,009","97,194",.,7.21,.,.,.,.,"16,774,212","217,378,622",.,7.72
2003,GA,Final,"3,710,662","48,174,231",.,7.70,"2,699,301","40,554,072",.,6.66,"1,396,963","34,768,041",.,4.02,"8,671","180,313",.,4.81,.,.,.,.,"7,815,598","123,676,657",.,6.32
2003,HI,Final,"506,551","3,027,623",.,16.73,"528,299","3,517,123",.,15.02,"469,074","3,846,089",.,12.20,0,0,.,.,.,.,.,.,"1,503,924","10,390,839",.,14.47
2003,IA,Final,"1,093,976","12,767,551",.,8.57,"726,471","11,637,019",.,6.24,"698,856","16,802,715",.,4.16,0,0,.,.,.,.,.,.,"2,519,302","41,207,284",.,6.11
2003,ID,Final,"442,568","7,089,745",.,6.24,"303,970","5,466,348",.,5.56,"360,226","8,662,593",.,4.16,0,0,.,.,.,.,.,.,"1,106,766","21,218,686",.,5.22
2003,IL,Final,"3,615,808","43,161,332",.,8.38,"3,617,620","49,560,840",.,7.30,"2,091,505","43,041,769",.,4.86,"28,397","483,949",.,5.87,.,.,.,.,"9,353,328","136,247,893",.,6.86
2003,IN,Final,"2,162,179","30,726,178",.,7.04,"1,374,381","22,441,376",.,6.12,"1,854,729","47,283,819",.,3.92,"1,371","16,406",.,8.36,.,.,.,.,"5,392,659","100,467,778",.,5.37
2003,KS,Final,"971,023","12,602,296",.,7.71,"882,456","13,751,156",.,6.42,"479,050","10,381,938",.,4.61,0,0,.,.,.,.,.,.,"2,332,530","36,735,391",.,6.35
2003,KY,Final,"1,435,036","24,703,645",.,5.81,"963,228","17,945,818",.,5.37,"1,364,867","42,570,167",.,3.21,0,0,.,.,.,.,.,.,"3,763,130","85,219,630",.,4.42
2003,LA,Final,"2,240,665","28,572,304",.,7.84,"1,627,717","21,943,668",.,7.42,"1,518,430","27,250,506",.,5.57,209,"2,844",.,7.35,.,.,.,.,"5,387,020","77,769,321",.,6.93
2003,MA,Final,"2,271,885","19,590,792",.,11.60,"2,686,752","25,647,840",.,10.48,"891,354","9,984,161",.,8.93,"11,929","291,565",.,4.09,.,.,.,.,"5,861,921","55,514,356",.,10.56
2003,MD,Final,"2,060,483","26,671,273",.,7.73,"1,177,809","16,950,348",.,6.95,"1,328,856","27,175,525",.,4.89,"26,659","461,436",.,5.78,.,.,.,.,"4,593,807","71,258,583",.,6.45
2003,ME,Final,"521,900","4,218,953",.,12.37,"409,438","3,959,395",.,10.34,"240,891","3,793,492",.,6.35,0,0,.,.,.,.,.,.,"1,172,230","11,971,836",.,9.79
2003,MI,Final,"2,813,078","33,669,474",.,8.35,"2,671,529","35,391,366",.,7.55,"1,975,946","39,812,955",.,4.96,280,"3,401",.,8.23,.,.,.,.,"7,460,828","108,877,192",.,6.85
2003,MN,Final,"1,579,058","20,637,752",.,7.65,"1,256,888","20,533,284",.,6.12,"954,787","21,916,304",.,4.36,0,0,.,.,.,.,.,.,"3,790,738","63,087,341",.,6.01
2003,MO,Final,"2,185,962","31,421,928",.,6.96,"1,617,634","27,987,362",.,5.78,"666,591","14,830,600",.,4.49,0,0,.,.,.,.,.,.,"4,470,188","74,239,887",.,6.02
2003,MS,Final,"1,342,601","17,669,710",.,7.60,"913,348","12,592,851",.,7.25,"684,468","15,281,322",.,4.48,0,0,.,.,.,.,.,.,"2,940,416","45,543,882",.,6.46
2003,MT,Final,"311,334","4,120,150",.,7.56,"303,797","4,437,530",.,6.85,"172,082","4,266,981",.,4.03,0,0,.,.,.,.,.,.,"787,212","12,824,660",.,6.14
2003,NC,Final,"4,106,256","49,348,766",.,8.32,"2,769,771","41,672,019",.,6.65,"1,453,391","30,314,337",.,4.79,0,0,.,.,.,.,.,.,"8,329,419","121,335,122",.,6.86
2003,ND,Final,"240,596","3,707,436",.,6.49,"214,224","3,800,069",.,5.64,"117,054","2,953,604",.,3.96,0,0,.,.,.,.,.,.,"571,871","10,461,108",.,5.47
2003,NE,Final,"607,757","8,852,219",.,6.87,"498,627","8,582,935",.,5.81,"351,923","8,421,411",.,4.18,0,0,.,.,.,.,.,.,"1,458,305","25,856,566",.,5.64
2003,NH,Final,"509,432","4,251,834",.,11.98,"444,673","4,317,816",.,10.30,"234,189","2,402,891",.,9.75,0,0,.,.,.,.,.,.,"1,188,294","10,972,542",.,10.83
2003,NJ,Final,"2,921,308","27,367,126",.,10.67,"3,334,503","36,616,282",.,9.11,"975,600","12,214,747",.,7.99,"13,180","184,356",.,7.15,.,.,.,.,"7,244,590","76,382,512",.,9.48
2003,NM,Final,"470,963","5,418,037",.,8.69,"593,173","8,063,236",.,7.36,"289,526","5,849,218",.,4.95,0,0,.,.,.,.,.,.,"1,353,664","19,330,491",.,7.00
2003,NV,Final,"932,215","10,339,936",.,9.02,"717,569","8,167,940",.,8.79,"849,021","11,623,784",.,7.30,0,0,.,.,.,.,.,.,"2,498,807","30,131,659",.,8.29
2003,NY,Final,"6,742,610","47,115,887",.,14.31,"9,372,473","72,495,187",.,12.93,"1,552,260","21,744,509",.,7.14,"252,192","2,689,122",.,9.38,.,.,.,.,"17,919,539","144,044,703",.,12.44
2003,OH,Final,"4,100,423","49,620,578",.,8.26,"3,377,410","44,736,572",.,7.55,"2,767,674","57,827,583",.,4.79,281,"4,508",.,6.23,.,.,.,.,"10,245,782","152,189,239",.,6.73
2003,OK,Final,"1,506,985","20,161,967",.,7.47,"1,082,720","16,958,302",.,6.38,"610,925","13,307,900",.,4.59,0,0,.,.,.,.,.,.,"3,200,632","50,428,168",.,6.35
2003,OR,Final,"1,252,143","17,735,560",.,7.06,"987,526","15,483,362",.,6.38,"554,253","11,960,529",.,4.63,"1,020","15,280",.,6.68,.,.,.,.,"2,794,941","45,194,731",.,6.18
2003,PA,Final,"4,760,155","49,651,002",.,9.59,"3,724,216","43,217,827",.,8.62,"2,715,079","46,773,439",.,5.80,"56,577","726,861",.,7.78,.,.,.,.,"11,256,026","140,369,129",.,8.02
2003,RI,Final,"348,085","2,998,209",.,11.61,"352,121","3,489,537",.,10.09,"116,196","1,308,879",.,8.88,0,0,.,.,.,.,.,.,"816,404","7,796,627",.,10.47
2003,SC,Final,"2,117,181","26,421,639",.,8.01,"1,316,127","19,336,130",.,6.81,"1,251,101","31,296,331",.,4.00,0,0,.,.,.,.,.,.,"4,684,410","77,054,099",.,6.08
2003,SD,Final,"279,509","3,739,837",.,7.47,"224,116","3,713,372",.,6.04,"73,367","1,626,783",.,4.51,0,0,.,.,.,.,.,.,"576,993","9,079,990",.,6.35
2003,TN,Final,"2,467,451","37,696,941",.,6.55,"1,835,629","27,481,020",.,6.68,"1,383,845","32,277,849",.,4.29,0,0,.,.,.,.,.,.,"5,686,927","97,455,807",.,5.84
2003,TX,Final,"11,111,340","121,354,827",.,9.16,"7,581,180","96,694,234",.,7.84,"5,512,229","104,546,895",.,5.27,"5,956","89,999",.,6.62,.,.,.,.,"24,210,705","322,685,955",.,7.50
2003,UT,Final,"494,434","7,166,408",.,6.90,"504,133","9,023,641",.,5.59,"289,881","7,645,672",.,3.79,"1,481","24,629",.,6.01,.,.,.,.,"1,289,928","23,860,349",.,5.41
2003,VA,Final,"3,173,953","40,876,707",.,7.76,"2,365,003","41,179,140",.,5.74,"815,396","19,282,214",.,4.23,"9,374","171,674",.,5.46,.,.,.,.,"6,363,728","101,509,732",.,6.27
2003,VT,Final,"257,866","2,011,388",.,12.82,"212,356","1,881,029",.,11.29,"117,484","1,460,014",.,8.05,0,0,.,.,.,.,.,.,"587,704","5,352,431",.,10.98
2003,WA,Final,"2,010,273","31,872,045",.,6.31,"1,701,266","28,039,324",.,6.07,"866,187","18,180,027",.,4.76,"2,715","42,105",.,6.45,.,.,.,.,"4,580,443","78,133,501",.,5.86
2003,WI,Final,"1,853,292","21,364,143",.,8.67,"1,397,391","20,056,101",.,6.97,"1,217,362","25,821,248",.,4.71,0,0,.,.,.,.,.,.,"4,468,043","67,241,496",.,6.64
2003,WV,Final,"653,516","10,473,404",.,6.24,"389,170","7,136,441",.,5.45,"407,593","10,687,148",.,3.81,0,0,.,.,.,.,.,.,"1,450,279","28,296,994",.,5.13
2003,WY,Final,"160,948","2,286,201",.,7.04,"188,528","3,282,185",.,5.74,"280,796","7,685,452",.,3.65,0,0,.,.,.,.,.,.,"630,269","13,253,834",.,4.76
2003,US,Final,"111,248,929","1,275,823,914",.,8.72,"96,263,389","1,198,727,614",.,8.03,"51,740,931","1,012,373,254",.,5.11,"513,597","6,809,740",.,7.54,.,.,.,.,"259,766,854","3,493,734,498",.,7.44
2002,AK,Final,"232,768","1,932,218",.,12.05,"226,791","2,238,236",.,10.13,"83,224","1,087,856",.,7.65,.,.,.,.,"29,088","207,183",.,14.04,"571,870","5,465,489",.,10.46
2002,AL,Final,"2,138,395","30,021,763",.,7.12,"1,304,739","19,665,857",.,6.63,"1,244,387","32,615,339",.,3.82,.,.,.,.,"57,021","764,118",.,7.46,"4,744,542","83,067,079",.,5.71
2002,AR,Final,"1,126,262","15,527,374",.,7.25,"528,118","9,304,383",.,5.68,"677,873","16,886,708",.,4.01,.,.,.,.,"47,682","731,092",.,6.52,"2,379,930","42,449,560",.,5.61
2002,AZ,Final,"2,184,700","26,412,614",.,8.27,"1,628,646","22,371,091",.,7.28,"573,491","11,026,378",.,5.20,.,.,.,.,"127,232","2,790,653",.,4.56,"4,514,070","62,600,738",.,7.21
2002,CA,Final,"9,758,505","77,202,301",.,12.64,"13,709,561","102,587,365",.,13.36,"4,751,782","48,447,726",.,9.81,.,.,.,.,"460,196","6,975,940",.,6.60,"28,680,043","235,213,332",.,12.19
2002,CO,Final,"1,137,236","15,424,845",.,7.37,"1,045,138","18,438,437",.,5.67,"482,864","10,672,227",.,4.52,.,.,.,.,"92,981","1,401,186",.,6.64,"2,758,225","45,936,696",.,6.00
2002,CT,Final,"1,366,571","12,472,815",.,10.96,"1,176,151","12,614,039",.,9.32,"412,459","5,370,338",.,7.68,.,.,.,.,"56,749","548,299",.,10.35,"3,011,930","31,005,489",.,9.71
2002,DC,Final,"142,823","1,790,102",.,7.98,"632,971","8,645,086",.,7.32,"13,994","282,397",.,4.96,.,.,.,.,"27,102","411,156",.,6.59,"816,887","11,128,742",.,7.34
2002,DE,Final,"349,767","4,020,309",.,8.70,"270,784","3,787,488",.,7.15,"201,476","4,151,034",.,4.85,.,.,.,.,"8,467","59,907",.,14.13,"830,494","12,018,733",.,6.91
2002,FL,Final,"8,822,970","108,163,825",.,8.16,"5,150,090","77,561,349",.,6.64,"990,641","18,959,313",.,5.23,.,.,.,.,"430,077","5,789,042",.,7.43,"15,393,778","210,473,531",.,7.31
2002,GA,Final,"3,705,932","48,599,731",.,7.63,"2,512,884","38,886,943",.,6.46,"1,365,591","34,603,114",.,3.95,.,.,.,.,"141,278","1,699,290",.,8.31,"7,725,684","123,789,079",.,6.24
2002,HI,Final,"453,158","2,898,380",.,15.63,"446,999","3,167,933",.,14.11,"415,430","3,770,400",.,11.02,.,.,.,.,"9,254","54,924",.,16.85,"1,324,838","9,891,638",.,13.39
2002,IA,Final,"1,078,911","12,920,571",.,8.35,"577,848","8,803,129",.,6.56,"672,310","16,547,527",.,4.06,.,.,.,.,"129,261","2,626,313",.,4.92,"2,458,327","40,897,542",.,6.01
2002,ID,Final,"464,923","7,055,912",.,6.59,"397,869","6,962,526",.,5.71,"275,670","6,352,162",.,4.34,.,.,.,.,"17,038","329,063",.,5.18,"1,155,501","20,699,665",.,5.58
2002,IL,Final,"3,777,911","45,030,069",.,8.39,"3,326,337","44,243,824",.,7.52,"1,920,054","39,287,515",.,4.89,.,.,.,.,"581,033","9,885,906",.,5.88,"9,605,334","138,447,312",.,6.94
2002,IN,Final,"2,182,577","31,567,899",.,6.91,"1,303,179","21,790,373",.,5.98,"1,876,619","47,481,235",.,3.95,.,.,.,.,"57,427","589,043",.,9.75,"5,419,804","101,428,549",.,5.34
2002,KS,Final,"977,037","12,745,301",.,7.67,"841,209","13,392,220",.,6.28,"461,796","10,195,483",.,4.53,.,.,.,.,"35,395","380,539",.,9.30,"2,315,432","36,713,539",.,6.31
2002,KY,Final,"1,431,244","25,347,158",.,5.65,"782,142","14,745,176",.,5.30,"1,352,620","43,812,378",.,3.09,.,.,.,.,"154,960","3,362,123",.,4.61,"3,720,965","87,266,836",.,4.26
2002,LA,Final,"2,000,355","28,157,091",.,7.10,"1,241,597","18,685,882",.,6.64,"1,310,196","29,661,709",.,4.42,.,.,.,.,"194,252","2,756,308",.,7.05,"4,746,399","79,260,990",.,5.99
2002,MA,Final,"2,043,207","18,694,666",.,10.93,"2,430,450","24,249,592",.,10.02,"841,211","10,086,841",.,8.34,.,.,.,.,"88,657","676,435",.,13.11,"5,403,523","53,707,537",.,10.06
2002,MD,Final,"1,973,018","25,489,053",.,7.74,"1,327,857","21,044,290",.,6.31,"836,298","20,874,506",.,4.01,.,.,.,.,"91,578","972,055",.,9.42,"4,228,752","68,379,905",.,6.18
2002,ME,Final,"515,152","4,043,100",.,12.74,"404,651","3,789,179",.,10.68,"250,189","3,549,829",.,7.05,.,.,.,.,"13,857","59,250",.,23.39,"1,183,851","11,441,359",.,10.35
2002,MI,Final,"2,844,554","34,336,161",.,8.28,"2,794,429","35,880,320",.,7.79,"1,684,309","33,537,474",.,5.02,.,.,.,.,"100,086","959,564",.,10.43,"7,423,378","104,713,520",.,7.09
2002,MN,Final,"1,531,479","20,450,925",.,7.49,"1,143,281","19,456,716",.,5.88,"874,721","21,514,631",.,4.07,.,.,.,.,"54,470","740,085",.,7.36,"3,603,951","62,162,361",.,5.80
2002,MO,Final,"2,238,090","31,684,209",.,7.06,"1,575,543","26,796,206",.,5.88,"678,501","15,341,436",.,4.42,.,.,.,.,"73,095","1,178,776",.,6.20,"4,565,228","75,000,628",.,6.09
2002,MS,Final,"1,299,120","17,843,742",.,7.28,"803,952","11,772,999",.,6.83,"660,843","15,020,553",.,4.40,.,.,.,.,"71,330","814,558",.,8.76,"2,835,247","45,451,851",.,6.24
2002,MT,Final,"291,404","4,030,664",.,7.23,"251,252","4,003,108",.,6.28,"165,440","4,462,794",.,3.71,.,.,.,.,"23,564","334,823",.,7.04,"731,659","12,831,389",.,5.70
2002,NC,Final,"4,085,367","49,854,417",.,8.19,"2,558,701","39,276,813",.,6.51,"1,473,597","31,381,089",.,4.70,.,.,.,.,"145,640","2,174,148",.,6.70,"8,263,303","122,686,469",.,6.74
2002,ND,Final,"234,082","3,663,885",.,6.39,"199,119","3,403,943",.,5.85,"104,821","2,635,775",.,3.98,.,.,.,.,"19,003","515,749",.,3.68,"557,023","10,219,351",.,5.45
2002,NE,Final,"602,901","8,956,036",.,6.73,"414,775","7,383,735",.,5.62,"293,929","7,563,456",.,3.89,.,.,.,.,"112,046","1,757,834",.,6.37,"1,423,647","25,661,061",.,5.55
2002,NH,Final,"476,046","4,002,521",.,11.89,"405,020","4,024,499",.,10.06,"201,964","2,222,292",.,9.09,.,.,.,.,"17,209","134,077",.,12.84,"1,100,238","10,383,388",.,10.60
2002,NJ,Final,"2,820,456","27,171,373",.,10.38,"3,154,787","35,429,280",.,8.90,"885,535","11,475,854",.,7.72,.,.,.,.,"77,893","526,113",.,14.81,"6,938,672","74,602,622",.,9.30
2002,NM,Final,"445,354","5,238,134",.,8.50,"505,453","6,999,542",.,7.22,"237,924","5,315,759",.,4.48,.,.,.,.,"103,026","1,653,484",.,6.23,"1,291,762","19,206,917",.,6.73
2002,NV,Final,"914,610","9,702,083",.,9.43,"682,670","7,537,882",.,9.06,"824,236","11,372,587",.,7.25,.,.,.,.,"38,722","591,723",.,6.54,"2,460,243","29,204,271",.,8.42
2002,NY,Final,"6,294,511","46,457,029",.,13.55,"7,680,736","62,270,519",.,12.33,"1,301,943","25,148,005",.,5.18,.,.,.,.,"1,177,263","13,564,564",.,8.68,"16,454,453","147,440,117",.,11.16
2002,OH,Final,"4,193,307","50,863,643",.,8.24,"3,119,397","39,924,174",.,7.81,"2,845,281","58,471,511",.,4.87,.,.,.,.,"224,615","4,147,771",.,5.42,"10,382,603","153,407,097",.,6.77
2002,OK,Final,"1,340,804","19,927,273",.,6.73,"752,625","13,097,069",.,5.75,"490,905","12,897,522",.,3.81,.,.,.,.,"180,456","3,563,604",.,5.06,"2,764,789","49,485,464",.,5.59
2002,OR,Final,"1,248,979","17,553,985",.,7.12,"982,157","14,901,884",.,6.59,"580,824","12,295,889",.,4.72,.,.,.,.,"47,523","503,416",.,9.44,"2,859,482","45,255,173",.,6.32
2002,PA,Final,"4,747,365","48,729,957",.,9.74,"3,622,686","42,631,877",.,8.50,"2,747,361","47,089,550",.,5.83,.,.,.,.,"158,671","1,368,486",.,11.59,"11,276,082","139,819,869",.,8.06
2002,RI,Final,"288,681","2,828,889",.,10.20,"286,973","3,315,844",.,8.65,"105,947","1,331,241",.,7.96,.,.,.,.,"13,943","84,728",.,16.46,"695,542","7,560,697",.,9.20
2002,SC,Final,"2,069,025","26,786,630",.,7.72,"1,177,277","18,156,633",.,6.48,"1,229,013","31,926,074",.,3.85,.,.,.,.,"61,199","950,057",.,6.44,"4,536,514","77,819,393",.,5.83
2002,SD,Final,"276,300","3,733,018",.,7.40,"191,210","3,062,102",.,6.24,"72,834","1,603,879",.,4.54,.,.,.,.,"19,506","537,807",.,3.63,"559,852","8,936,801",.,6.26
2002,TN,Final,"2,483,252","38,751,810",.,6.41,"1,711,584","26,523,395",.,6.45,"1,322,007","31,845,313",.,4.15,.,.,.,.,"99,196","1,112,508",.,8.92,"5,616,041","98,233,027",.,5.72
2002,TX,Final,"9,778,332","121,435,110",.,8.05,"6,094,633","87,745,805",.,6.95,"4,761,411","102,251,053",.,4.66,.,.,.,.,"616,196","9,413,882",.,6.55,"21,250,575","320,845,849",.,6.62
2002,UT,Final,"471,282","6,938,291",.,6.79,"474,278","8,462,992",.,5.60,"269,309","7,019,412",.,3.84,.,.,.,.,"39,672","846,495",.,4.69,"1,254,539","23,267,188",.,5.39
2002,VA,Final,"3,144,110","40,358,372",.,7.79,"1,761,585","29,998,992",.,5.87,"806,897","19,520,907",.,4.13,.,.,.,.,"552,538","10,740,298",.,5.14,"6,265,132","100,618,570",.,6.23
2002,VT,Final,"261,528","2,046,818",.,12.78,"215,993","1,945,839",.,11.10,"125,730","1,591,682",.,7.90,.,.,.,.,"8,655","44,925",.,19.27,"611,905","5,629,264",.,10.87
2002,WA,Final,"2,017,832","32,065,997",.,6.29,"1,484,853","24,309,632",.,6.11,"770,280","15,791,501",.,4.88,.,.,.,.,"159,905","3,236,726",.,4.94,"4,432,871","75,403,856",.,5.88
2002,WI,Final,"1,764,624","21,575,371",.,8.18,"1,252,922","19,143,998",.,6.54,"1,130,832","25,533,712",.,4.43,.,.,.,.,"60,311","746,218",.,8.08,"4,208,688","66,999,297",.,6.28
2002,WV,Final,"651,155","10,444,145",.,6.23,"380,748","7,039,027",.,5.41,"414,887","10,902,030",.,3.81,.,.,.,.,"7,801","77,918",.,10.01,"1,454,590","28,463,122",.,5.11
2002,WY,Final,"155,595","2,232,285",.,6.97,"172,726","3,027,371",.,5.71,"264,409","7,452,648",.,3.55,.,.,.,.,"9,593","161,756",.,5.93,"602,322","12,874,059",.,4.68
2002,US,Final,"106,833,567","1,265,179,870",.,8.44,"87,117,376","1,104,496,594",.,7.89,"48,335,865","990,237,644",.,4.88,.,.,.,.,"7,123,712","105,551,918",.,6.75,"249,410,510","3,465,466,011",.,7.20
2001,AK,Final,"229,169","1,891,468",.,12.12,"235,454","2,289,011",.,10.29,"82,180","1,079,423",.,7.61,.,.,.,.,"27,912","194,180",.,14.37,"574,714","5,454,081",.,10.54
2001,AL,Final,"1,950,059","27,802,208",.,7.01,"1,233,009","18,868,140",.,6.53,"1,212,229","31,949,084",.,3.79,.,.,.,.,"52,566","738,828",.,7.11,"4,447,861","79,358,257",.,5.60
2001,AR,Final,"1,165,379","15,103,946",.,7.72,"566,612","9,153,492",.,6.19,"741,114","16,734,271",.,4.43,.,.,.,.,"51,166","740,742",.,6.91,"2,524,273","41,732,448",.,6.05
2001,AZ,Final,"2,174,366","26,200,172",.,8.30,"1,623,881","22,045,222",.,7.37,"596,577","11,376,746",.,5.24,.,.,.,.,"130,776","2,652,165",.,4.93,"4,525,596","62,274,303",.,7.27
2001,CA,Final,"9,268,973","76,667,630",.,12.09,"11,715,762","96,459,340",.,12.15,"5,819,126","63,041,253",.,9.23,.,.,.,.,"982,680","11,590,552",.,8.48,"27,786,540","247,758,779",.,11.22
2001,CO,Final,"1,080,209","14,470,251",.,7.47,"1,013,543","17,889,639",.,5.67,"488,616","10,918,385",.,4.48,.,.,.,.,"80,080","957,767",.,8.36,"2,662,447","44,236,038",.,6.02
2001,CT,Final,"1,305,824","11,974,617",.,10.90,"1,151,609","12,442,210",.,9.26,"424,828","5,572,235",.,7.62,.,.,.,.,"55,164","551,700",.,10.00,"2,937,426","30,540,758",.,9.62
2001,DC,Final,"132,283","1,698,867",.,7.79,"636,224","8,538,826",.,7.45,"13,504","280,914",.,4.81,.,.,.,.,"23,113","361,866",.,6.39,"805,125","10,880,471",.,7.40
2001,DE,Final,"321,351","3,733,993",.,8.61,"252,399","3,605,435",.,7.00,"191,239","3,977,532",.,4.81,.,.,.,.,"8,738","61,666",.,14.17,"773,727","11,378,627",.,6.80
2001,FL,Final,"8,712,905","101,377,094",.,8.59,"5,239,143","73,957,636",.,7.08,"1,028,202","19,854,252",.,5.18,.,.,.,.,"422,864","5,563,152",.,7.60,"15,403,113","200,752,133",.,7.67
2001,GA,Final,"3,427,720","44,380,212",.,7.72,"2,502,599","37,838,788",.,6.61,"1,453,841","33,940,716",.,4.28,.,.,.,.,"139,552","1,630,758",.,8.56,"7,523,713","117,790,473",.,6.39
2001,HI,Final,"457,800","2,802,469",.,16.34,"463,606","3,129,441",.,14.81,"442,535","3,789,895",.,11.68,.,.,.,.,"10,547","62,757",.,16.81,"1,374,490","9,784,562",.,14.05
2001,IA,Final,"1,045,204","12,429,673",.,8.41,"569,619","8,512,208",.,6.69,"679,233","16,238,198",.,4.18,.,.,.,.,"128,368","2,263,679",.,5.67,"2,422,422","39,443,755",.,6.14
2001,ID,Final,"414,721","6,905,547",.,6.01,"335,715","6,543,349",.,5.13,"270,937","7,305,412",.,3.71,.,.,.,.,"15,941","341,710",.,4.67,"1,037,310","21,096,016",.,4.92
2001,IL,Final,"3,644,563","41,820,006",.,8.71,"3,193,915","43,135,422",.,7.40,"1,895,908","40,779,943",.,4.65,.,.,.,.,"656,407","10,298,177",.,6.37,"9,390,789","136,033,549",.,6.90
2001,IN,Final,"2,037,162","29,419,673",.,6.92,"1,350,709","25,550,786",.,5.29,"1,727,573","42,079,603",.,4.11,.,.,.,.,"61,966","683,904",.,9.06,"5,177,410","97,733,968",.,5.30
2001,KS,Final,"924,555","12,062,329",.,7.66,"792,688","12,786,615",.,6.20,"480,717","10,569,144",.,4.55,.,.,.,.,"38,232","428,864",.,8.91,"2,236,192","35,846,953",.,6.24
2001,KY,Final,"1,323,393","23,698,316",.,5.58,"745,718","14,337,928",.,5.20,"1,176,267","38,676,361",.,3.04,.,.,.,.,"147,862","3,262,894",.,4.53,"3,393,236","79,975,500",.,4.24
2001,LA,Final,"2,043,518","25,800,333",.,7.92,"1,342,792","17,721,987",.,7.58,"1,595,725","28,574,382",.,5.58,.,.,.,.,"218,920","2,596,045",.,8.43,"5,200,955","74,692,751",.,6.96
2001,MA,Final,"2,242,636","17,983,533",.,12.47,"2,807,452","24,126,800",.,11.64,"914,549","9,757,211",.,9.37,.,.,.,.,"97,570","628,533",.,15.52,"6,062,206","52,496,075",.,11.55
2001,MD,Final,"1,864,457","24,294,096",.,7.67,"1,669,121","26,243,615",.,6.36,"444,908","10,176,724",.,4.37,.,.,.,.,"87,154","925,586",.,9.42,"4,065,639","61,640,019",.,6.60
2001,ME,Final,"512,320","3,902,940",.,13.13,"439,901","3,779,035",.,11.64,"315,373","4,412,592",.,7.15,.,.,.,.,"14,586","57,429",.,25.40,"1,282,181","12,151,996",.,10.55
2001,MI,Final,"2,667,173","32,304,798",.,8.26,"2,640,083","35,025,499",.,7.54,"1,737,745","34,174,113",.,5.08,.,.,.,.,"93,912","904,939",.,10.38,"7,138,912","102,409,346",.,6.97
2001,MN,Final,"1,476,460","19,399,686",.,7.61,"1,193,380","19,799,222",.,6.03,"902,258","20,767,343",.,4.34,.,.,.,.,"53,526","720,600",.,7.43,"3,625,621","60,686,852",.,5.97
2001,MO,Final,"2,113,257","30,168,328",.,7.00,"1,533,321","26,028,729",.,5.89,"694,792","15,814,713",.,4.39,.,.,.,.,"73,066","1,201,386",.,6.08,"4,414,434","73,213,157",.,6.03
2001,MS,Final,"1,242,777","16,855,661",.,7.37,"787,812","11,357,411",.,6.94,"671,816","15,268,358",.,4.40,.,.,.,.,"72,101","805,432",.,8.95,"2,774,506","44,286,866",.,6.26
2001,MT,Final,"267,230","3,886,224",.,6.88,"228,374","3,865,679",.,5.91,"221,987","3,370,259",.,6.59,.,.,.,.,"24,228","324,497",.,7.47,"741,820","11,446,658",.,6.48
2001,NC,Final,"3,749,928","46,200,717",.,8.12,"2,423,309","37,744,146",.,6.42,"1,517,635","32,931,138",.,4.61,.,.,.,.,"143,675","2,150,939",.,6.68,"7,834,544","119,026,944",.,6.58
2001,ND,Final,"225,280","3,479,809",.,6.47,"183,811","3,070,649",.,5.99,"109,605","2,753,243",.,3.98,.,.,.,.,"19,201","506,055",.,3.79,"537,896","9,809,758",.,5.48
2001,NE,Final,"561,857","8,638,209",.,6.50,"396,344","7,232,148",.,5.48,"275,814","7,327,583",.,3.76,.,.,.,.,"99,182","1,524,701",.,6.51,"1,333,198","24,722,639",.,5.39
2001,NH,Final,"473,388","3,789,290",.,12.49,"411,914","3,910,768",.,10.53,"226,212","2,482,549",.,9.11,.,.,.,.,"17,651","132,941",.,13.28,"1,129,162","10,315,549",.,10.95
2001,NJ,Final,"2,602,693","25,491,423",.,10.21,"3,131,788","34,445,279",.,9.09,"1,058,686","12,706,552",.,8.33,.,.,.,.,"59,886","534,138",.,11.21,"6,853,052","73,177,391",.,9.36
2001,NM,Final,"436,867","4,999,479",.,8.74,"513,101","6,843,577",.,7.50,"287,359","5,271,877",.,5.45,.,.,.,.,"102,603","1,611,660",.,6.37,"1,339,932","18,726,597",.,7.16
2001,NV,Final,"871,877","9,606,868",.,9.08,"565,309","6,693,111",.,8.45,"737,651","11,238,934",.,6.56,.,.,.,.,"38,618","628,377",.,6.15,"2,213,452","28,167,292",.,7.86
2001,NY,Final,"6,209,194","44,235,592",.,14.04,"7,826,528","60,806,219",.,12.87,"1,413,985","25,449,717",.,5.56,.,.,.,.,"1,201,002","13,689,232",.,8.77,"16,650,709","144,180,760",.,11.55
2001,OH,Final,"3,963,002","47,346,163",.,8.37,"3,332,774","39,372,079",.,8.46,"2,780,426","65,098,734",.,4.27,.,.,.,.,"233,248","3,980,739",.,5.86,"10,309,450","155,797,715",.,6.62
2001,OK,Final,"1,438,610","19,795,855",.,7.27,"860,733","13,551,965",.,6.35,"572,826","13,356,188",.,4.29,.,.,.,.,"159,575","2,962,720",.,5.39,"3,031,740","49,666,726",.,6.10
2001,OR,Final,"1,100,134","17,502,996",.,6.29,"807,730","14,816,355",.,5.45,"551,113","13,084,361",.,4.21,.,.,.,.,"35,282","481,117",.,7.33,"2,494,258","45,884,832",.,5.44
2001,PA,Final,"4,454,110","46,029,990",.,9.68,"3,496,557","40,552,671",.,8.62,"2,731,390","47,383,320",.,5.76,.,.,.,.,"149,703","1,305,953",.,11.46,"10,831,762","135,271,934",.,8.01
2001,RI,Final,"327,364","2,699,059",.,12.13,"374,013","3,240,058",.,11.54,"129,685","1,385,911",.,9.36,.,.,.,.,"15,521","67,890",.,22.86,"846,583","7,392,918",.,11.45
2001,SC,Final,"1,912,045","24,874,644",.,7.69,"1,127,116","17,484,203",.,6.45,"1,217,605","31,527,677",.,3.86,.,.,.,.,"60,398","945,844",.,6.39,"4,317,164","74,832,367",.,5.77
2001,SD,Final,"265,617","3,580,418",.,7.42,"190,856","2,915,072",.,6.55,"74,254","1,666,097",.,4.46,.,.,.,.,"17,268","465,409",.,3.71,"547,999","8,626,997",.,6.35
2001,TN,Final,"2,334,726","36,931,536",.,6.32,"1,638,632","25,973,835",.,6.31,"1,301,193","32,148,646",.,4.05,.,.,.,.,"95,090","1,076,705",.,8.83,"5,369,639","96,130,718",.,5.59
2001,TX,Final,"10,399,343","117,342,778",.,8.86,"6,807,160","87,912,114",.,7.74,"5,174,014","98,208,406",.,5.27,.,.,.,.,"1,102,989","14,580,874",.,7.56,"23,483,506","318,044,174",.,7.38
2001,UT,Final,"449,766","6,692,983",.,6.72,"460,636","8,262,123",.,5.58,"261,684","7,411,435",.,3.53,.,.,.,.,"38,570","850,768",.,4.53,"1,210,658","23,217,308",.,5.21
2001,VA,Final,"2,907,599","37,325,231",.,7.79,"1,701,358","29,065,837",.,5.85,"819,780","19,701,919",.,4.16,.,.,.,.,"535,052","10,360,190",.,5.16,"5,963,794","96,453,176",.,6.18
2001,VT,Final,"254,581","2,009,402",.,12.67,"217,245","1,925,564",.,11.28,"126,906","1,608,429",.,7.89,.,.,.,.,"7,926","42,052",.,18.85,"606,660","5,585,447",.,10.86
2001,WA,Final,"1,801,591","31,608,471",.,5.70,"1,298,407","23,840,526",.,5.45,"919,122","19,338,924",.,4.75,.,.,.,.,"173,905","3,707,326",.,4.69,"4,193,025","78,495,247",.,5.34
2001,WI,Final,"1,612,030","20,417,898",.,7.90,"1,185,034","18,677,917",.,6.34,"1,107,335","25,370,339",.,4.36,.,.,.,.,"57,885","752,139",.,7.70,"3,962,284","65,218,293",.,6.08
2001,WV,Final,"615,508","9,828,181",.,6.26,"368,973","6,785,668",.,5.44,"410,395","10,978,083",.,3.74,.,.,.,.,"8,028","77,502",.,10.36,"1,402,905","27,669,430",.,5.07
2001,WY,Final,"145,295","2,145,532",.,6.77,"157,716","2,915,189",.,5.41,"264,489","7,700,187",.,3.43,.,.,.,.,"9,572","188,601",.,5.08,"577,071","12,949,504",.,4.46
2001,US,Final,"103,157,869","1,201,606,594",.,8.58,"85,741,485","1,083,068,538",.,7.92,"50,292,943","996,609,311",.,5.05,.,.,.,.,"8,150,827","113,173,680",.,7.20,"247,343,101","3,394,458,107",.,7.29